ID,Incident Date,Incident Date Text,State,City Or County,Address,,Killed,,,Injured,,longitude,latitude,victim,radius,popup
197,6/12/2016,12-Jun,Florida,Orlando,1912 S Orange Avenue,Number killed:,50,Number killed: 50,Number injured:,53,Number injured: 53,-81.37637,28.520073,103,28.63675426,"06-12, 1912 S Orange Avenue, Orlando, Florida, Number killed: 50, Number injured: 53"
127,7/25/2016,25-Jul,Florida,Fort Myers,3580 Evans Ave,Number killed:,2,Number killed: 2,Number injured:,19,Number injured: 19,-81.8599,26.612001,21,12.93048538,"07-25, 3580 Evans Ave, Fort Myers, Florida, Number killed: 2, Number injured: 19"
300,2/25/2016,25-Feb,Kansas,Hesston,200 S Ridge Rd,Number killed:,4,Number killed: 4,Number injured:,14,Number injured: 14,-97.425524,38.13635,18,11.97130327,"02-25, 200 S Ridge Rd, Hesston, Kansas, Number killed: 4, Number injured: 14"
32,10/15/2016,15-Oct,California,Los Angeles,2918 Rimpau Boulevard,Number killed:,4,Number killed: 4,Number injured:,11,Number injured: 11,-118.35102,34.027466,15,10.92825474,"10-15, 2918 Rimpau Boulevard, Los Angeles, California, Number killed: 4, Number injured: 11"
143,7/16/2016,16-Jul,California,Bakersfield,621 Stephens Drive,Number killed:,1,Number killed: 1,Number injured:,14,Number injured: 14,-119.035614,35.348835,15,10.92825474,"07-16, 621 Stephens Drive, Bakersfield, California, Number killed: 1, Number injured: 14"
156,7/7/2016,7-Jul,Texas,Dallas,800 Main Street,Number killed:,5,Number killed: 5,Number injured:,9,Number injured: 9,-96.80511,32.77938,14,10.5576971,"07-07, 800 Main Street, Dallas, Texas, Number killed: 5, Number injured: 9"
87,8/21/2016,21-Aug,Connecticut,Bridgeport,19 Plymouth St,Number killed:,0,Number killed: 0,Number injured:,13,Number injured: 13,-73.17568,41.198208,13,10.17365149,"08-21, 19 Plymouth St, Bridgeport, Connecticut, Number killed: 0, Number injured: 13"
316,2/7/2016,7-Feb,Florida,Orlando,7432 Universal Blvd,Number killed:,2,Number killed: 2,Number injured:,10,Number injured: 10,-81.46476,28.453115,12,9.774528187,"02-07, 7432 Universal Blvd, Orlando, Florida, Number killed: 2, Number injured: 10"
73,9/4/2016,4-Sep,Virginia,Roanoke,1020 Orange Ave NE,Number killed:,1,Number killed: 1,Number injured:,10,Number injured: 10,-79.92315,37.28334,11,9.358398252,"09-04, 1020 Orange Ave NE, Roanoke, Virginia, Number killed: 1, Number injured: 10"
36,10/9/2016,9-Oct,Michigan,Grand Rapids,1850 28th Street SE,Number killed:,1,Number killed: 1,Number injured:,8,Number injured: 8,-85.62101,42.91263,9,8.46498972,"10-09, 1850 28th Street SE, Grand Rapids, Michigan, Number killed: 1, Number injured: 8"
57,9/17/2016,17-Sep,District of Columbia,Washington,2600 block of Birney Place SE,Number killed:,2,Number killed: 2,Number injured:,7,Number injured: 7,-76.99665,38.858242,9,8.46498972,"09-17, 2600 block of Birney Place SE, Washington, District of Columbia, Number killed: 2, Number injured: 7"
293,3/6/2016,6-Mar,California,Compton,900 block of West Victoria Street,Number killed:,1,Number killed: 1,Number injured:,8,Number injured: 8,-118.23907,33.867813,9,8.46498972,"03-06, 900 block of West Victoria Street, Compton, California, Number killed: 1, Number injured: 8"
6,11/5/2016,5-Nov,California,Oakland,420 14th Street,Number killed:,0,Number killed: 0,Number injured:,8,Number injured: 8,-122.27052,37.80409,8,7.980868845,"11-05, 420 14th Street, Oakland, California, Number killed: 0, Number injured: 8"
49,9/24/2016,24-Sep,Maryland,Baltimore,Greenmount Avenue and Preston Street,Number killed:,0,Number killed: 0,Number injured:,8,Number injured: 8,-76.6082,39.30484,8,7.980868845,"09-24, Greenmount Avenue and Preston Street, Baltimore, Maryland, Number killed: 0, Number injured: 8"
128,7/24/2016,24-Jul,Ohio,Hamilton,1555 Main St,Number killed:,1,Number killed: 1,Number injured:,7,Number injured: 7,-84.58977,39.42027,8,7.980868845,"07-24, 1555 Main St, Hamilton, Ohio, Number killed: 1, Number injured: 7"
164,7/4/2016,4-Jul,Arizona,Phoenix,4000 block of West Southern Avenue,Number killed:,2,Number killed: 2,Number injured:,6,Number injured: 6,-112.14606,33.392082,8,7.980868845,"07-04, 4000 block of West Southern Avenue, Phoenix, Arizona, Number killed: 2, Number injured: 6"
217,5/29/2016,29-May,Texas,Houston,13210 Memorial Drive,Number killed:,2,Number killed: 2,Number injured:,6,Number injured: 6,-95.57451,29.772621,8,7.980868845,"05-29, 13210 Memorial Drive, Houston, Texas, Number killed: 2, Number injured: 6"
237,5/5/2016,5-May,Louisiana,Shreveport,300 block of North Thomas Drive,Number killed:,2,Number killed: 2,Number injured:,6,Number injured: 6,-93.76336,32.54004,8,7.980868845,"05-05, 300 block of North Thomas Drive, Shreveport, Louisiana, Number killed: 2, Number injured: 6"
239,5/4/2016,4-May,Minnesota,Minneapolis,16th Avenue North and Newton Avenue North,Number killed:,1,Number killed: 1,Number injured:,7,Number injured: 7,-93.30571,44.99544,8,7.980868845,"05-04, 16th Avenue North and Newton Avenue North, Minneapolis, Minnesota, Number killed: 1, Number injured: 7"
255,4/22/2016,22-Apr,Ohio,Piketon,4077 Union Hill Road,Number killed:,8,Number killed: 8,Number injured:,0,Number injured: 0,-83.239746,39.009964,8,7.980868845,"04-22, 4077 Union Hill Road, Piketon, Ohio, Number killed: 8, Number injured: 0"
287,3/9/2016,9-Mar,Pennsylvania,Pittsburgh (Wilkinsburg),1304 Franklin Avenue,Number killed:,5,Number killed: 5,Number injured:,3,Number injured: 3,-79.872925,40.43836,8,7.980868845,"03-09, 1304 Franklin Avenue, Pittsburgh (Wilkinsburg), Pennsylvania, Number killed: 5, Number injured: 3"
309,2/20/2016,20-Feb,Michigan,Kalamazoo,5581 Cracker Barrel Blvd,Number killed:,6,Number killed: 6,Number injured:,2,Number injured: 2,-85.67695,42.23547,8,7.980868845,"02-20, 5581 Cracker Barrel Blvd, Kalamazoo, Michigan, Number killed: 6, Number injured: 2"
317,2/7/2016,7-Feb,New York,Rochester,547 State street,Number killed:,1,Number killed: 1,Number injured:,7,Number injured: 7,-77.62218,43.163677,8,7.980868845,"02-07, 547 State street, Rochester, New York, Number killed: 1, Number injured: 7"
321,2/6/2016,6-Feb,Florida,Tampa,8123 N Nebraska Ave,Number killed:,2,Number killed: 2,Number injured:,6,Number injured: 6,-82.45126,28.021578,8,7.980868845,"02-06, 8123 N Nebraska Ave, Tampa, Florida, Number killed: 2, Number injured: 6"
324,1/30/2016,30-Jan,Arizona,Glendale,67th and Missouri Avenue,Number killed:,3,Number killed: 3,Number injured:,5,Number injured: 5,-112.181991,33.517004,8,7.980868845,"01-30, 67th and Missouri Avenue, Glendale, Arizona, Number killed: 3, Number injured: 5"
18,10/30/2016,30-Oct,New York,Newburgh,119 Broadway,Number killed:,2,Number killed: 2,Number injured:,5,Number injured: 5,-74.01193,41.50006,7,7.465419216,"10-30, 119 Broadway, Newburgh, New York, Number killed: 2, Number injured: 5"
28,10/22/2016,22-Oct,California,Oakland,77th and Bancroft Avenues,Number killed:,0,Number killed: 0,Number injured:,7,Number injured: 7,-122.174469,37.76429,7,7.465419216,"10-22, 77th and Bancroft Avenues, Oakland, California, Number killed: 0, Number injured: 7"
34,10/14/2016,14-Oct,Illinois,Chicago,3300 block of Maypole,Number killed:,1,Number killed: 1,Number injured:,6,Number injured: 6,-87.708517,41.884038,7,7.465419216,"10-14, 3300 block of Maypole, Chicago, Illinois, Number killed: 1, Number injured: 6"
46,9/26/2016,26-Sep,Texas,Houston,5450 Weslayan St,Number killed:,1,Number killed: 1,Number injured:,6,Number injured: 6,-95.44132,29.72362,7,7.465419216,"09-26, 5450 Weslayan St, Houston, Texas, Number killed: 1, Number injured: 6"
56,9/17/2016,17-Sep,Florida,Orlando,3918 Columbia Street,Number killed:,1,Number killed: 1,Number injured:,6,Number injured: 6,-81.42425,28.526989,7,7.465419216,"09-17, 3918 Columbia Street, Orlando, Florida, Number killed: 1, Number injured: 6"
59,9/16/2016,16-Sep,Pennsylvania,Philadelphia,5100 block of Sansom Street,Number killed:,2,Number killed: 2,Number injured:,5,Number injured: 5,-75.22353,39.957485,7,7.465419216,"09-16, 5100 block of Sansom Street, Philadelphia, Pennsylvania, Number killed: 2, Number injured: 5"
85,8/27/2016,27-Aug,Alabama,Bessemer (Brighton),3810 7th Ave,Number killed:,1,Number killed: 1,Number injured:,6,Number injured: 6,-86.95097,33.441498,7,7.465419216,"08-27, 3810 7th Ave, Bessemer (Brighton), Alabama, Number killed: 1, Number injured: 6"
106,8/8/2016,8-Aug,Florida,Jacksonville,1214 Labelle St,Number killed:,0,Number killed: 0,Number injured:,7,Number injured: 7,-81.731964,30.301483,7,7.465419216,"08-08, 1214 Labelle St, Jacksonville, Florida, Number killed: 0, Number injured: 7"
123,7/29/2016,29-Jul,Georgia,Athens,Trail Creek Street,Number killed:,0,Number killed: 0,Number injured:,7,Number injured: 7,-83.356952,33.96603,7,7.465419216,"07-29, Trail Creek Street, Athens, Georgia, Number killed: 0, Number injured: 7"
138,7/17/2016,17-Jul,Louisiana,Baton Rouge,9611 Airline Highway,Number killed:,4,Number killed: 4,Number injured:,3,Number injured: 3,-91.08186,30.43345,7,7.465419216,"07-17, 9611 Airline Highway, Baton Rouge, Louisiana, Number killed: 4, Number injured: 3"
161,7/4/2016,4-Jul,New York,Brooklyn,419 Chauncey Street,Number killed:,0,Number killed: 0,Number injured:,7,Number injured: 7,-73.91755,40.681774,7,7.465419216,"07-04, 419 Chauncey Street, Brooklyn, New York, Number killed: 0, Number injured: 7"
177,6/25/2016,25-Jun,Texas,Fort Worth,2466 East Lancaster Avenue,Number killed:,2,Number killed: 2,Number injured:,5,Number injured: 5,-97.352776,32.74715,7,7.465419216,"06-25, 2466 East Lancaster Avenue, Fort Worth, Texas, Number killed: 2, Number injured: 5"
210,6/5/2016,5-Jun,Arizona,Phoenix,8152 N Black Canyon Hwy,Number killed:,2,Number killed: 2,Number injured:,5,Number injured: 5,-112.11303,33.556202,7,7.465419216,"06-05, 8152 N Black Canyon Hwy, Phoenix, Arizona, Number killed: 2, Number injured: 5"
264,4/17/2016,17-Apr,Texas,Edinburg,5021 W St Hwy 107,Number killed:,1,Number killed: 1,Number injured:,6,Number injured: 6,-98.217436,26.310228,7,7.465419216,"04-17, 5021 W St Hwy 107, Edinburg, Texas, Number killed: 1, Number injured: 6"
291,3/6/2016,6-Mar,Massachusetts,Chelsea,120 Washington Avenue,Number killed:,1,Number killed: 1,Number injured:,6,Number injured: 6,-71.03184,42.39677,7,7.465419216,"03-06, 120 Washington Avenue, Chelsea, Massachusetts, Number killed: 1, Number injured: 6"
12,11/1/2016,1-Nov,Tennessee,Memphis,5200 block of Zodiac Rd,Number killed:,1,Number killed: 1,Number injured:,5,Number injured: 5,-89.95926,35.006207,6,6.911635164,"11-01, 5200 block of Zodiac Rd, Memphis, Tennessee, Number killed: 1, Number injured: 5"
16,10/30/2016,30-Oct,Maryland,Capitol Heights,6860 Walker Mill Road,Number killed:,2,Number killed: 2,Number injured:,4,Number injured: 4,-76.88954,38.87,6,6.911635164,"10-30, 6860 Walker Mill Road, Capitol Heights, Maryland, Number killed: 2, Number injured: 4"
23,10/28/2016,28-Oct,Mississippi,Jackson,200 block of Lorenz Boulevard,Number killed:,0,Number killed: 0,Number injured:,6,Number injured: 6,-90.18202,32.333903,6,6.911635164,"10-28, 200 block of Lorenz Boulevard, Jackson, Mississippi, Number killed: 0, Number injured: 6"
27,10/23/2016,23-Oct,Oklahoma,Wellston,Highway 66 and S. 3310 Road,Number killed:,1,Number killed: 1,Number injured:,5,Number injured: 5,-97.080646,35.681226,6,6.911635164,"10-23, Highway 66 and S. 3310 Road, Wellston, Oklahoma, Number killed: 1, Number injured: 5"
33,10/15/2016,15-Oct,Illinois,Rockford,7801 East State Street,Number killed:,1,Number killed: 1,Number injured:,5,Number injured: 5,-88.964935,42.271088,6,6.911635164,"10-15, 7801 East State Street, Rockford, Illinois, Number killed: 1, Number injured: 5"
54,9/17/2016,17-Sep,Florida,Miami,20582 Southwest 119th Avenue,Number killed:,0,Number killed: 0,Number injured:,6,Number injured: 6,-80.38517,25.576511,6,6.911635164,"09-17, 20582 Southwest 119th Avenue, Miami, Florida, Number killed: 0, Number injured: 6"
62,9/11/2016,11-Sep,Louisiana,New Orleans,2349 S Claiborne Ave,Number killed:,1,Number killed: 1,Number injured:,5,Number injured: 5,-90.091366,29.944989,6,6.911635164,"09-11, 2349 S Claiborne Ave, New Orleans, Louisiana, Number killed: 1, Number injured: 5"
63,9/11/2016,11-Sep,Missouri,Kansas City,500 block of Westport Road,Number killed:,0,Number killed: 0,Number injured:,6,Number injured: 6,-94.59153,39.05283,6,6.911635164,"09-11, 500 block of Westport Road, Kansas City, Missouri, Number killed: 0, Number injured: 6"
78,8/29/2016,29-Aug,New Jersey,Egg Harbor City,907 White Horse Pike,Number killed:,1,Number killed: 1,Number injured:,5,Number injured: 5,-74.64406,39.526337,6,6.911635164,"08-29, 907 White Horse Pike, Egg Harbor City, New Jersey, Number killed: 1, Number injured: 5"
80,8/28/2016,28-Aug,Texas,Lubbock,2200 block of 17th St,Number killed:,0,Number killed: 0,Number injured:,6,Number injured: 6,-101.86426,33.579838,6,6.911635164,"08-28, 2200 block of 17th St, Lubbock, Texas, Number killed: 0, Number injured: 6"
84,8/27/2016,27-Aug,Florida,Miami,1900 block of NW 83rd Terr,Number killed:,2,Number killed: 2,Number injured:,4,Number injured: 4,-80.229819,25.850745,6,6.911635164,"08-27, 1900 block of NW 83rd Terr, Miami, Florida, Number killed: 2, Number injured: 4"
144,7/16/2016,16-Jul,Tennessee,Clarksville,1348 College Street,Number killed:,0,Number killed: 0,Number injured:,6,Number injured: 6,-87.33783,36.537712,6,6.911635164,"07-16, 1348 College Street, Clarksville, Tennessee, Number killed: 0, Number injured: 6"
208,6/5/2016,5-Jun,Florida,Cape Coral,2600 block of Skyline Boulevard S,Number killed:,3,Number killed: 3,Number injured:,3,Number injured: 3,-81.990952,26.60378,6,6.911635164,"06-05, 2600 block of Skyline Boulevard S, Cape Coral, Florida, Number killed: 3, Number injured: 3"
218,5/29/2016,29-May,New Jersey,Trenton,600 block of Martin Luther King Jr. Boulevard,Number killed:,0,Number killed: 0,Number injured:,6,Number injured: 6,-74.763245,40.229374,6,6.911635164,"05-29, 600 block of Martin Luther King Jr. Boulevard, Trenton, New Jersey, Number killed: 0, Number injured: 6"
236,5/6/2016,6-May,Maryland,Bethesda,7101 Democracy Blvd,Number killed:,3,Number killed: 3,Number injured:,3,Number injured: 3,-77.14881,39.022453,6,6.911635164,"05-06, 7101 Democracy Blvd, Bethesda, Maryland, Number killed: 3, Number injured: 3"
256,4/22/2016,22-Apr,Georgia,Appling,3162 Johnson Drive,Number killed:,6,Number killed: 6,Number injured:,0,Number injured: 0,-82.22435,33.59883,6,6.911635164,"04-22, 3162 Johnson Drive, Appling, Georgia, Number killed: 6, Number injured: 0"
266,4/16/2016,16-Apr,Florida,Orlando,1100 block of Conley Street,Number killed:,2,Number killed: 2,Number injured:,4,Number injured: 4,-81.39342,28.532934,6,6.911635164,"04-16, 1100 block of Conley Street, Orlando, Florida, Number killed: 2, Number injured: 4"
315,2/7/2016,7-Feb,Mississippi,Pass Christian,Davis Avenue,Number killed:,2,Number killed: 2,Number injured:,4,Number injured: 4,-89.244684,30.322741,6,6.911635164,"02-07, Davis Avenue, Pass Christian, Mississippi, Number killed: 2, Number injured: 4"
325,1/27/2016,27-Jan,Virginia,Chesapeake,1401 N. George Washington Hwy,Number killed:,6,Number killed: 6,Number injured:,0,Number injured: 0,-76.33051,36.790573,6,6.911635164,"01-27, 1401 N. George Washington Hwy, Chesapeake, Virginia, Number killed: 6, Number injured: 0"
3,11/9/2016,9-Nov,Washington,Seattle,1524 3rd Ave,Number killed:,0,Number killed: 0,Number injured:,5,Number injured: 5,-122.338036,47.610016,5,6.309430814,"11-09, 1524 3rd Ave, Seattle, Washington, Number killed: 0, Number injured: 5"
5,11/5/2016,5-Nov,South Carolina,Myrtle Beach,803 Main Street,Number killed:,0,Number killed: 0,Number injured:,5,Number injured: 5,-78.67922,33.827637,5,6.309430814,"11-05, 803 Main Street, Myrtle Beach, South Carolina, Number killed: 0, Number injured: 5"
7,11/5/2016,5-Nov,Illinois,Chicago,4800 block of North Winthrop,Number killed:,0,Number killed: 0,Number injured:,5,Number injured: 5,-87.657403,41.969391,5,6.309430814,"11-05, 4800 block of North Winthrop, Chicago, Illinois, Number killed: 0, Number injured: 5"
11,11/2/2016,2-Nov,Arkansas,Little Rock,2100 block of Bragg Street,Number killed:,0,Number killed: 0,Number injured:,5,Number injured: 5,-92.266235,34.728424,5,6.309430814,"11-02, 2100 block of Bragg Street, Little Rock, Arkansas, Number killed: 0, Number injured: 5"
17,10/30/2016,30-Oct,Texas,San Antonio,2900 block of Aspen Meadow,Number killed:,0,Number killed: 0,Number injured:,5,Number injured: 5,-98.607087,29.464858,5,6.309430814,"10-30, 2900 block of Aspen Meadow, San Antonio, Texas, Number killed: 0, Number injured: 5"
20,10/29/2016,29-Oct,California,Los Angeles,1600 block of Century Boulevard,Number killed:,0,Number killed: 0,Number injured:,5,Number injured: 5,-118.30487,33.94549,5,6.309430814,"10-29, 1600 block of Century Boulevard, Los Angeles, California, Number killed: 0, Number injured: 5"
25,10/25/2016,25-Oct,Virginia,Roanoke,830 Campbell Avenue Southeast,Number killed:,2,Number killed: 2,Number injured:,3,Number injured: 3,-79.9305,37.273117,5,6.309430814,"10-25, 830 Campbell Avenue Southeast, Roanoke, Virginia, Number killed: 2, Number injured: 3"
30,10/17/2016,17-Oct,Illinois,Chicago (Englewood),6700 block of South Winchester,Number killed:,1,Number killed: 1,Number injured:,4,Number injured: 4,-87.672486,41.772268,5,6.309430814,"10-17, 6700 block of South Winchester, Chicago (Englewood), Illinois, Number killed: 1, Number injured: 4"
31,10/15/2016,15-Oct,Alabama,Mobile,1800 block of St Stephens Road,Number killed:,0,Number killed: 0,Number injured:,5,Number injured: 5,-88.07886,30.702906,5,6.309430814,"10-15, 1800 block of St Stephens Road, Mobile, Alabama, Number killed: 0, Number injured: 5"
39,10/4/2016,4-Oct,Louisiana,New Orleans,3727 Ulloa Street,Number killed:,3,Number killed: 3,Number injured:,2,Number injured: 2,-90.10163,29.966972,5,6.309430814,"10-04, 3727 Ulloa Street, New Orleans, Louisiana, Number killed: 3, Number injured: 2"
41,10/2/2016,2-Oct,Texas,San Antonio,2600 South Flores Street,Number killed:,1,Number killed: 1,Number injured:,4,Number injured: 4,-98.50458,29.398752,5,6.309430814,"10-02, 2600 South Flores Street, San Antonio, Texas, Number killed: 1, Number injured: 4"
50,9/23/2016,23-Sep,Washington,Burlington,201 Cascade Mall Dr,Number killed:,5,Number killed: 5,Number injured:,0,Number injured: 0,-122.33827,48.46459,5,6.309430814,"09-23, 201 Cascade Mall Dr, Burlington, Washington, Number killed: 5, Number injured: 0"
61,9/13/2016,13-Sep,Indiana,Fort Wayne,1723 E Wayne St,Number killed:,3,Number killed: 3,Number injured:,2,Number injured: 2,-85.11556,41.080196,5,6.309430814,"09-13, 1723 E Wayne St, Fort Wayne, Indiana, Number killed: 3, Number injured: 2"
65,9/11/2016,11-Sep,Michigan,Saginaw,2207 Pierce Road,Number killed:,0,Number killed: 0,Number injured:,5,Number injured: 5,-83.95887,43.50863,5,6.309430814,"09-11, 2207 Pierce Road, Saginaw, Michigan, Number killed: 0, Number injured: 5"
66,9/11/2016,11-Sep,North Carolina,New Bern,1100 Highway 70,Number killed:,0,Number killed: 0,Number injured:,5,Number injured: 5,-77.030025,35.080179,5,6.309430814,"09-11, 1100 Highway 70, New Bern, North Carolina, Number killed: 0, Number injured: 5"
70,9/8/2016,8-Sep,Arkansas,Hot Springs National Park (Hot Springs),300 Lacey Street,Number killed:,1,Number killed: 1,Number injured:,4,Number injured: 4,-93.075615,34.498417,5,6.309430814,"09-08, 300 Lacey Street, Hot Springs National Park (Hot Springs), Arkansas, Number killed: 1, Number injured: 4"
72,9/5/2016,5-Sep,Illinois,Chicago,2700 block of West Lexington Avenue,Number killed:,2,Number killed: 2,Number injured:,3,Number injured: 3,-87.693698,41.87245,5,6.309430814,"09-05, 2700 block of West Lexington Avenue, Chicago, Illinois, Number killed: 2, Number injured: 3"
79,8/29/2016,29-Aug,California,Temecula,41450 Cruz Way,Number killed:,5,Number killed: 5,Number injured:,0,Number injured: 0,-117.032776,33.520283,5,6.309430814,"08-29, 41450 Cruz Way, Temecula, California, Number killed: 5, Number injured: 0"
83,8/28/2016,28-Aug,Alabama,Dadeville,512 E Columbus St,Number killed:,0,Number killed: 0,Number injured:,5,Number injured: 5,-85.761188,32.830995,5,6.309430814,"08-28, 512 E Columbus St, Dadeville, Alabama, Number killed: 0, Number injured: 5"
86,8/25/2016,25-Aug,New Jersey,Bridgeton,Marion Street,Number killed:,0,Number killed: 0,Number injured:,5,Number injured: 5,-75.228932,39.432023,5,6.309430814,"08-25, Marion Street, Bridgeton, New Jersey, Number killed: 0, Number injured: 5"
89,8/20/2016,20-Aug,Washington,Tacoma,900 block of Pacific Avenue,Number killed:,0,Number killed: 0,Number injured:,5,Number injured: 5,-122.43909,47.255352,5,6.309430814,"08-20, 900 block of Pacific Avenue, Tacoma, Washington, Number killed: 0, Number injured: 5"
91,8/20/2016,20-Aug,Alabama,Citronelle,Jim Platt Road,Number killed:,5,Number killed: 5,Number injured:,0,Number injured: 0,-88.308829,31.050189,5,6.309430814,"08-20, Jim Platt Road, Citronelle, Alabama, Number killed: 5, Number injured: 0"
94,8/14/2016,14-Aug,Minnesota,Minneapolis,1717 Plymouth Avenue North,Number killed:,0,Number killed: 0,Number injured:,5,Number injured: 5,-93.30221,44.991493,5,6.309430814,"08-14, 1717 Plymouth Avenue North, Minneapolis, Minnesota, Number killed: 0, Number injured: 5"
111,8/6/2016,6-Aug,Pennsylvania,Reading (Sinking Spring),51 Winding Brook Drive,Number killed:,5,Number killed: 5,Number injured:,0,Number injured: 0,-76.02426,40.3301,5,6.309430814,"08-06, 51 Winding Brook Drive, Reading (Sinking Spring), Pennsylvania, Number killed: 5, Number injured: 0"
119,7/31/2016,31-Jul,Texas,Austin,208 East Sixth Street,Number killed:,1,Number killed: 1,Number injured:,4,Number injured: 4,-97.741295,30.267647,5,6.309430814,"07-31, 208 East Sixth Street, Austin, Texas, Number killed: 1, Number injured: 4"
120,7/30/2016,30-Jul,Missouri,Saint Louis,5000 block of Kensington Avenue,Number killed:,0,Number killed: 0,Number injured:,5,Number injured: 5,-90.2634,38.653893,5,6.309430814,"07-30, 5000 block of Kensington Avenue, Saint Louis, Missouri, Number killed: 0, Number injured: 5"
121,7/30/2016,30-Jul,Georgia,Townsend (Eulonia),14699 Highway 17,Number killed:,0,Number killed: 0,Number injured:,5,Number injured: 5,-81.430816,31.525599,5,6.309430814,"07-30, 14699 Highway 17, Townsend (Eulonia), Georgia, Number killed: 0, Number injured: 5"
124,7/28/2016,28-Jul,New York,Elmira,303 College Avenue,Number killed:,0,Number killed: 0,Number injured:,5,Number injured: 5,-76.81037,42.08979,5,6.309430814,"07-28, 303 College Avenue, Elmira, New York, Number killed: 0, Number injured: 5"
132,7/23/2016,23-Jul,Texas,Bastrop,202 Childers Drive,Number killed:,4,Number killed: 4,Number injured:,1,Number injured: 1,-97.32927,30.103394,5,6.309430814,"07-23, 202 Childers Drive, Bastrop, Texas, Number killed: 4, Number injured: 1"
133,7/22/2016,22-Jul,Illinois,Kankakee,300 block of North Wildwood Avenue,Number killed:,0,Number killed: 0,Number injured:,5,Number injured: 5,-87.853584,41.12194,5,6.309430814,"07-22, 300 block of North Wildwood Avenue, Kankakee, Illinois, Number killed: 0, Number injured: 5"
134,7/21/2016,21-Jul,Illinois,Chicago,4400 block of South Leamington,Number killed:,0,Number killed: 0,Number injured:,5,Number injured: 5,-87.75186,41.81282,5,6.309430814,"07-21, 4400 block of South Leamington, Chicago, Illinois, Number killed: 0, Number injured: 5"
140,7/16/2016,16-Jul,Texas,Dallas,6300 block of Benavides Drive,Number killed:,0,Number killed: 0,Number injured:,5,Number injured: 5,-96.71395,32.715446,5,6.309430814,"07-16, 6300 block of Benavides Drive, Dallas, Texas, Number killed: 0, Number injured: 5"
141,7/16/2016,16-Jul,Ohio,Cleveland,5000 block of Euclid Avenue,Number killed:,0,Number killed: 0,Number injured:,5,Number injured: 5,-81.65378,41.50411,5,6.309430814,"07-16, 5000 block of Euclid Avenue, Cleveland, Ohio, Number killed: 0, Number injured: 5"
149,7/13/2016,13-Jul,Georgia,Warner Robins,105 Magnolia Avenue,Number killed:,0,Number killed: 0,Number injured:,5,Number injured: 5,-83.615616,32.643673,5,6.309430814,"07-13, 105 Magnolia Avenue, Warner Robins, Georgia, Number killed: 0, Number injured: 5"
151,7/11/2016,11-Jul,Maryland,Baltimore,1800 block of W. North Avenue,Number killed:,0,Number killed: 0,Number injured:,5,Number injured: 5,-76.64656,39.309895,5,6.309430814,"07-11, 1800 block of W. North Avenue, Baltimore, Maryland, Number killed: 0, Number injured: 5"
153,7/11/2016,11-Jul,Michigan,Saint Joseph,811 Port Street,Number killed:,3,Number killed: 3,Number injured:,2,Number injured: 2,-86.47874,42.11027,5,6.309430814,"07-11, 811 Port Street, Saint Joseph, Michigan, Number killed: 3, Number injured: 2"
155,7/7/2016,7-Jul,Tennessee,Bristol,536 Volunteer Parkway,Number killed:,1,Number killed: 1,Number injured:,4,Number injured: 4,-82.186173,36.587389,5,6.309430814,"07-07, 536 Volunteer Parkway, Bristol, Tennessee, Number killed: 1, Number injured: 4"
163,7/4/2016,4-Jul,Texas,Houston,1300 block of Robin,Number killed:,3,Number killed: 3,Number injured:,2,Number injured: 2,-95.380516,29.756422,5,6.309430814,"07-04, 1300 block of Robin, Houston, Texas, Number killed: 3, Number injured: 2"
165,7/3/2016,3-Jul,Louisiana,Monroe,401 Lea Joyner Memorial Expy,Number killed:,2,Number killed: 2,Number injured:,3,Number injured: 3,-92.10886,32.50129,5,6.309430814,"07-03, 401 Lea Joyner Memorial Expy, Monroe, Louisiana, Number killed: 2, Number injured: 3"
167,6/30/2016,30-Jun,Illinois,Chicago,9500 block of South Loomis Street,Number killed:,1,Number killed: 1,Number injured:,4,Number injured: 4,-87.6577,41.721016,5,6.309430814,"06-30, 9500 block of South Loomis Street, Chicago, Illinois, Number killed: 1, Number injured: 4"
168,6/29/2016,29-Jun,Nevada,Las Vegas,6100 block of West Lake Mead Boulevard,Number killed:,5,Number killed: 5,Number injured:,0,Number injured: 0,-115.22409,36.19574,5,6.309430814,"06-29, 6100 block of West Lake Mead Boulevard, Las Vegas, Nevada, Number killed: 5, Number injured: 0"
172,6/26/2016,26-Jun,Georgia,Atlanta,1500 block of Moreland Avenue SE,Number killed:,1,Number killed: 1,Number injured:,4,Number injured: 4,-84.3495,33.711544,5,6.309430814,"06-26, 1500 block of Moreland Avenue SE, Atlanta, Georgia, Number killed: 1, Number injured: 4"
176,6/26/2016,26-Jun,North Carolina,Charlotte,2240 Camp Greene St.,Number killed:,0,Number killed: 0,Number injured:,5,Number injured: 5,-80.88445,35.22526,5,6.309430814,"06-26, 2240 Camp Greene St., Charlotte, North Carolina, Number killed: 0, Number injured: 5"
181,6/24/2016,24-Jun,Connecticut,Hartford,Brook and Winter Street,Number killed:,0,Number killed: 0,Number injured:,5,Number injured: 5,-72.68309,41.7792,5,6.309430814,"06-24, Brook and Winter Street, Hartford, Connecticut, Number killed: 0, Number injured: 5"
182,6/24/2016,24-Jun,Maryland,District Heights,3100 block of Orleans Ave,Number killed:,3,Number killed: 3,Number injured:,2,Number injured: 2,-76.87664,38.846416,5,6.309430814,"06-24, 3100 block of Orleans Ave, District Heights, Maryland, Number killed: 3, Number injured: 2"
184,6/22/2016,22-Jun,Georgia,Dekalb (county),Lancashire Drive and Central Drive,Number killed:,1,Number killed: 1,Number injured:,4,Number injured: 4,-84.188253,33.811751,5,6.309430814,"06-22, Lancashire Drive and Central Drive, Dekalb (county), Georgia, Number killed: 1, Number injured: 4"
195,6/13/2016,13-Jun,New York,Brooklyn,Avenue D and E. 57th,Number killed:,0,Number killed: 0,Number injured:,5,Number injured: 5,-73.922615,40.642735,5,6.309430814,"06-13, Avenue D and E. 57th, Brooklyn, New York, Number killed: 0, Number injured: 5"
196,6/13/2016,13-Jun,Illinois,Chicago,3200 block of West Congress,Number killed:,0,Number killed: 0,Number injured:,5,Number injured: 5,-87.706154,41.874905,5,6.309430814,"06-13, 3200 block of West Congress, Chicago, Illinois, Number killed: 0, Number injured: 5"
200,6/11/2016,11-Jun,California,Panorama City,8500 block of Cedros Avenue,Number killed:,3,Number killed: 3,Number injured:,2,Number injured: 2,-118.453545,34.22501,5,6.309430814,"06-11, 8500 block of Cedros Avenue, Panorama City, California, Number killed: 3, Number injured: 2"
201,6/11/2016,11-Jun,New Mexico,Roswell,2300 block of Davis Ave,Number killed:,5,Number killed: 5,Number injured:,0,Number injured: 0,-104.51817,33.419727,5,6.309430814,"06-11, 2300 block of Davis Ave, Roswell, New Mexico, Number killed: 5, Number injured: 0"
214,5/30/2016,30-May,Maryland,Baltimore,500 block of East 43rd Street,Number killed:,0,Number killed: 0,Number injured:,5,Number injured: 5,-76.60941,39.341057,5,6.309430814,"05-30, 500 block of East 43rd Street, Baltimore, Maryland, Number killed: 0, Number injured: 5"
215,5/30/2016,30-May,California,Sacramento,3900 44th,Number killed:,0,Number killed: 0,Number injured:,5,Number injured: 5,-121.462131,38.513179,5,6.309430814,"05-30, 3900 44th, Sacramento, California, Number killed: 0, Number injured: 5"
220,5/23/2016,23-May,New Jersey,Newark,102 Isabella Avenue,Number killed:,0,Number killed: 0,Number injured:,5,Number injured: 5,-74.2212,40.741455,5,6.309430814,"05-23, 102 Isabella Avenue, Newark, New Jersey, Number killed: 0, Number injured: 5"
227,5/15/2016,15-May,Georgia,Moultrie,Rossman Dairy Road,Number killed:,5,Number killed: 5,Number injured:,0,Number injured: 0,-83.851855,31.212508,5,6.309430814,"05-15, Rossman Dairy Road, Moultrie, Georgia, Number killed: 5, Number injured: 0"
229,5/14/2016,14-May,Georgia,Atlanta,Cordova and Peoples Street,Number killed:,0,Number killed: 0,Number injured:,5,Number injured: 5,-84.425129,33.727924,5,6.309430814,"05-14, Cordova and Peoples Street, Atlanta, Georgia, Number killed: 0, Number injured: 5"
231,5/11/2016,11-May,Alabama,Birmingham,1400 block of 21st Street N,Number killed:,1,Number killed: 1,Number injured:,4,Number injured: 4,-86.814186,33.532578,5,6.309430814,"05-11, 1400 block of 21st Street N, Birmingham, Alabama, Number killed: 1, Number injured: 4"
232,5/11/2016,11-May,Illinois,Chicago,7100 block of South State Street,Number killed:,0,Number killed: 0,Number injured:,5,Number injured: 5,-87.624886,41.764248,5,6.309430814,"05-11, 7100 block of South State Street, Chicago, Illinois, Number killed: 0, Number injured: 5"
234,5/6/2016,6-May,Michigan,Detroit,12300 block of Gratiot,Number killed:,1,Number killed: 1,Number injured:,4,Number injured: 4,-82.99016,42.41611,5,6.309430814,"05-06, 12300 block of Gratiot, Detroit, Michigan, Number killed: 1, Number injured: 4"
240,5/1/2016,1-May,Tennessee,Murfreesboro,1955 Old Castle Drive,Number killed:,0,Number killed: 0,Number injured:,5,Number injured: 5,-86.35024,35.82168,5,6.309430814,"05-01, 1955 Old Castle Drive, Murfreesboro, Tennessee, Number killed: 0, Number injured: 5"
242,4/29/2016,29-Apr,California,Oakland,3200 block of San Pablo Avenue,Number killed:,0,Number killed: 0,Number injured:,5,Number injured: 5,-122.27732,37.8228,5,6.309430814,"04-29, 3200 block of San Pablo Avenue, Oakland, California, Number killed: 0, Number injured: 5"
245,4/26/2016,26-Apr,Maryland,District Heights (Forestville),6500 block of Hil-Mar Drive,Number killed:,1,Number killed: 1,Number injured:,4,Number injured: 4,-76.895,38.842924,5,6.309430814,"04-26, 6500 block of Hil-Mar Drive, District Heights (Forestville), Maryland, Number killed: 1, Number injured: 4"
247,4/25/2016,25-Apr,Florida,Miami,1506 Northwest 70th Street,Number killed:,0,Number killed: 0,Number injured:,5,Number injured: 5,-80.22337,25.838503,5,6.309430814,"04-25, 1506 Northwest 70th Street, Miami, Florida, Number killed: 0, Number injured: 5"
248,4/24/2016,24-Apr,Virginia,Halifax,1055 L P Bailey Memorial Hwy,Number killed:,0,Number killed: 0,Number injured:,5,Number injured: 5,-78.92188,36.777184,5,6.309430814,"04-24, 1055 L P Bailey Memorial Hwy, Halifax, Virginia, Number killed: 0, Number injured: 5"
249,4/24/2016,24-Apr,Illinois,Chicago (Englewood),2000 block of West 68th Place,Number killed:,2,Number killed: 2,Number injured:,3,Number injured: 3,-87.673875,41.769729,5,6.309430814,"04-24, 2000 block of West 68th Place, Chicago (Englewood), Illinois, Number killed: 2, Number injured: 3"
253,4/23/2016,23-Apr,Kansas,Topeka,3732 S.W. Topeka Boulevard,Number killed:,1,Number killed: 1,Number injured:,4,Number injured: 4,-95.6867,38.999358,5,6.309430814,"04-23, 3732 S.W. Topeka Boulevard, Topeka, Kansas, Number killed: 1, Number injured: 4"
258,4/19/2016,19-Apr,Alabama,Blountsville,81551 Us Highway 278,Number killed:,1,Number killed: 1,Number injured:,4,Number injured: 4,-86.46911,34.159878,5,6.309430814,"04-19, 81551 Us Highway 278, Blountsville, Alabama, Number killed: 1, Number injured: 4"
260,4/19/2016,19-Apr,Illinois,Chicago,1400 block of West 84th Street,Number killed:,1,Number killed: 1,Number injured:,4,Number injured: 4,-87.59036,41.742325,5,6.309430814,"04-19, 1400 block of West 84th Street, Chicago, Illinois, Number killed: 1, Number injured: 4"
265,4/16/2016,16-Apr,Michigan,Detroit,9500 block of Oakland,Number killed:,1,Number killed: 1,Number injured:,4,Number injured: 4,-83.0742,42.388268,5,6.309430814,"04-16, 9500 block of Oakland, Detroit, Michigan, Number killed: 1, Number injured: 4"
279,3/19/2016,19-Mar,Florida,Plantation,12050 NW 4th Court,Number killed:,1,Number killed: 1,Number injured:,4,Number injured: 4,-80.308685,26.125305,5,6.309430814,"03-19, 12050 NW 4th Court, Plantation, Florida, Number killed: 1, Number injured: 4"
281,3/15/2016,15-Mar,Georgia,Atlanta,Donald Lee Hollowell Drive,Number killed:,0,Number killed: 0,Number injured:,5,Number injured: 5,-84.459586,33.776945,5,6.309430814,"03-15, Donald Lee Hollowell Drive, Atlanta, Georgia, Number killed: 0, Number injured: 5"
286,3/11/2016,11-Mar,New Jersey,Trenton,Oliver Avenue,Number killed:,0,Number killed: 0,Number injured:,5,Number injured: 5,-74.777058,40.238797,5,6.309430814,"03-11, Oliver Avenue, Trenton, New Jersey, Number killed: 0, Number injured: 5"
288,3/8/2016,8-Mar,Texas,San Antonio,Sherman Street,Number killed:,2,Number killed: 2,Number injured:,3,Number injured: 3,-97.968169,29.592143,5,6.309430814,"03-08, Sherman Street, San Antonio, Texas, Number killed: 2, Number injured: 3"
290,3/7/2016,7-Mar,Kansas,Kansas City,3000 block of South 36th Street,Number killed:,5,Number killed: 5,Number injured:,0,Number injured: 0,-94.66989,39.047466,5,6.309430814,"03-07, 3000 block of South 36th Street, Kansas City, Kansas, Number killed: 5, Number injured: 0"
296,2/28/2016,28-Feb,Michigan,Detroit,8800 block of Livernois,Number killed:,0,Number killed: 0,Number injured:,5,Number injured: 5,-83.13839,42.359394,5,6.309430814,"02-28, 8800 block of Livernois, Detroit, Michigan, Number killed: 0, Number injured: 5"
299,2/26/2016,26-Feb,Washington,Belfair,300 block of Horseshoe Rd.,Number killed:,5,Number killed: 5,Number injured:,0,Number injured: 0,-122.93125,47.50016,5,6.309430814,"02-26, 300 block of Horseshoe Rd., Belfair, Washington, Number killed: 5, Number injured: 0"
301,2/23/2016,23-Feb,Arizona,Glendale,4812 West Sunnyside Ave,Number killed:,5,Number killed: 5,Number injured:,0,Number injured: 0,-112.16272,33.59214,5,6.309430814,"02-23, 4812 West Sunnyside Ave, Glendale, Arizona, Number killed: 5, Number injured: 0"
304,2/21/2016,21-Feb,Texas,Houston,5100 block of Idaho Street,Number killed:,0,Number killed: 0,Number injured:,5,Number injured: 5,-95.34309,29.687395,5,6.309430814,"02-21, 5100 block of Idaho Street, Houston, Texas, Number killed: 0, Number injured: 5"
308,2/20/2016,20-Feb,Mississippi,Iuka,County Road 201,Number killed:,2,Number killed: 2,Number injured:,3,Number injured: 3,-88.138348,34.740676,5,6.309430814,"02-20, County Road 201, Iuka, Mississippi, Number killed: 2, Number injured: 3"
313,2/14/2016,14-Feb,Alabama,Eutaw (Union),Earnest Friday Road,Number killed:,0,Number killed: 0,Number injured:,5,Number injured: 5,-87.909434,32.989306,5,6.309430814,"02-14, Earnest Friday Road, Eutaw (Union), Alabama, Number killed: 0, Number injured: 5"
326,1/26/2016,26-Jan,Washington,Seattle,Airport Way S. and S. Atlantic St.,Number killed:,2,Number killed: 2,Number injured:,3,Number injured: 3,-122.32264,47.59031,5,6.309430814,"01-26, Airport Way S. and S. Atlantic St., Seattle, Washington, Number killed: 2, Number injured: 3"
327,1/25/2016,25-Jan,California,Perris,140 S. D Street,Number killed:,1,Number killed: 1,Number injured:,4,Number injured: 4,-117.22825,33.785854,5,6.309430814,"01-25, 140 S. D Street, Perris, California, Number killed: 1, Number injured: 4"
330,1/11/2016,11-Jan,Delaware,Wilmington,900 block of Brown Street,Number killed:,1,Number killed: 1,Number injured:,4,Number injured: 4,-75.56705,39.73533,5,6.309430814,"01-11, 900 block of Brown Street, Wilmington, Delaware, Number killed: 1, Number injured: 4"
332,1/8/2016,8-Jan,Illinois,Chicago,1500 block of South Kedzie,Number killed:,1,Number killed: 1,Number injured:,4,Number injured: 4,-87.705485,41.86114,5,6.309430814,"01-08, 1500 block of South Kedzie, Chicago, Illinois, Number killed: 1, Number injured: 4"
1,11/9/2016,9-Nov,Illinois,Chicago,3400 block of West Monroe,Number killed:,0,Number killed: 0,Number injured:,4,Number injured: 4,-87.711046,41.879779,4,5.64332648,"11-09, 3400 block of West Monroe, Chicago, Illinois, Number killed: 0, Number injured: 4"
2,11/9/2016,9-Nov,Tennessee,Memphis,1800 Block of East Brooks Road,Number killed:,0,Number killed: 0,Number injured:,4,Number injured: 4,-90.003714,35.061215,4,5.64332648,"11-09, 1800 Block of East Brooks Road, Memphis, Tennessee, Number killed: 0, Number injured: 4"
4,11/5/2016,5-Nov,Florida,Fort Lauderdale (Lauderhill),3135 West Broward Boulevard,Number killed:,1,Number killed: 1,Number injured:,3,Number injured: 3,-80.186844,26.121243,4,5.64332648,"11-05, 3135 West Broward Boulevard, Fort Lauderdale (Lauderhill), Florida, Number killed: 1, Number injured: 3"
8,11/5/2016,5-Nov,Texas,San Antonio,10726 Perrin Beitel Road,Number killed:,0,Number killed: 0,Number injured:,4,Number injured: 4,-98.41104,29.537655,4,5.64332648,"11-05, 10726 Perrin Beitel Road, San Antonio, Texas, Number killed: 0, Number injured: 4"
9,11/4/2016,4-Nov,Pennsylvania,Philadelphia,5451 Springfield Avenue,Number killed:,0,Number killed: 0,Number injured:,4,Number injured: 4,-75.224815,39.940205,4,5.64332648,"11-04, 5451 Springfield Avenue, Philadelphia, Pennsylvania, Number killed: 0, Number injured: 4"
10,11/3/2016,3-Nov,Illinois,Chicago,8000 block of South Shore Drive,Number killed:,2,Number killed: 2,Number injured:,2,Number injured: 2,-87.54802,41.750015,4,5.64332648,"11-03, 8000 block of South Shore Drive, Chicago, Illinois, Number killed: 2, Number injured: 2"
13,10/31/2016,31-Oct,Louisiana,Shreveport,700 Block of  Central Street,Number killed:,0,Number killed: 0,Number injured:,4,Number injured: 4,-93.76975,32.446114,4,5.64332648,"10-31, 700 Block of  Central Street, Shreveport, Louisiana, Number killed: 0, Number injured: 4"
14,10/30/2016,30-Oct,Ohio,Toledo,742 Junction Avenue,Number killed:,0,Number killed: 0,Number injured:,4,Number injured: 4,-83.57715,41.647778,4,5.64332648,"10-30, 742 Junction Avenue, Toledo, Ohio, Number killed: 0, Number injured: 4"
15,10/30/2016,30-Oct,New York,New York (Manhattan),135 Ridge Street,Number killed:,0,Number killed: 0,Number injured:,4,Number injured: 4,-73.98286,40.719635,4,5.64332648,"10-30, 135 Ridge Street, New York (Manhattan), New York, Number killed: 0, Number injured: 4"
19,10/29/2016,29-Oct,Ohio,Dayton,2010 Cornell Ridge Drive,Number killed:,1,Number killed: 1,Number injured:,3,Number injured: 3,-84.25224,39.777233,4,5.64332648,"10-29, 2010 Cornell Ridge Drive, Dayton, Ohio, Number killed: 1, Number injured: 3"
21,10/29/2016,29-Oct,California,Riverside,3500 block of Madison Street,Number killed:,0,Number killed: 0,Number injured:,4,Number injured: 4,-117.405594,33.936718,4,5.64332648,"10-29, 3500 block of Madison Street, Riverside, California, Number killed: 0, Number injured: 4"
22,10/28/2016,28-Oct,Florida,Miami Gardens,Northwest 173rd Terrace and 27th Avenue,Number killed:,0,Number killed: 0,Number injured:,4,Number injured: 4,-80.244896,25.932207,4,5.64332648,"10-28, Northwest 173rd Terrace and 27th Avenue, Miami Gardens, Florida, Number killed: 0, Number injured: 4"
24,10/27/2016,27-Oct,Georgia,Mcdonough (Mc Donough),600 block of Moccasin Gap Road,Number killed:,4,Number killed: 4,Number injured:,0,Number injured: 0,-83.990567,33.384229,4,5.64332648,"10-27, 600 block of Moccasin Gap Road, Mcdonough (Mc Donough), Georgia, Number killed: 4, Number injured: 0"
26,10/25/2016,25-Oct,Ohio,Dayton,3300 block of Riverside Drive,Number killed:,1,Number killed: 1,Number injured:,3,Number injured: 3,-84.44307,39.118509,4,5.64332648,"10-25, 3300 block of Riverside Drive, Dayton, Ohio, Number killed: 1, Number injured: 3"
29,10/18/2016,18-Oct,California,San Francisco,325 La Grande Avenue,Number killed:,0,Number killed: 0,Number injured:,4,Number injured: 4,-122.405495,37.790043,4,5.64332648,"10-18, 325 La Grande Avenue, San Francisco, California, Number killed: 0, Number injured: 4"
35,10/13/2016,13-Oct,Illinois,Chicago,2700 block of West Lexington,Number killed:,0,Number killed: 0,Number injured:,4,Number injured: 4,-87.693683,41.872207,4,5.64332648,"10-13, 2700 block of West Lexington, Chicago, Illinois, Number killed: 0, Number injured: 4"
37,10/9/2016,9-Oct,California,Sacramento,1696 Arden Way,Number killed:,1,Number killed: 1,Number injured:,3,Number injured: 3,-121.42704,38.599556,4,5.64332648,"10-09, 1696 Arden Way, Sacramento, California, Number killed: 1, Number injured: 3"
38,10/8/2016,8-Oct,New York,Brooklyn,7301 3rd Avenue,Number killed:,0,Number killed: 0,Number injured:,4,Number injured: 4,-74.027245,40.632782,4,5.64332648,"10-08, 7301 3rd Avenue, Brooklyn, New York, Number killed: 0, Number injured: 4"
40,10/3/2016,3-Oct,Minnesota,Minneapolis,Fourth Street and Hennepin Avenue,Number killed:,0,Number killed: 0,Number injured:,4,Number injured: 4,-93.27138,44.98067,4,5.64332648,"10-03, Fourth Street and Hennepin Avenue, Minneapolis, Minnesota, Number killed: 0, Number injured: 4"
42,10/1/2016,1-Oct,Illinois,Pembroke Township,17250E Road,Number killed:,4,Number killed: 4,Number injured:,0,Number injured: 0,-87.539067,41.086238,4,5.64332648,"10-01, 17250E Road, Pembroke Township, Illinois, Number killed: 4, Number injured: 0"
43,10/1/2016,1-Oct,California,Fresno,3200 block of East Clay Avenue,Number killed:,0,Number killed: 0,Number injured:,4,Number injured: 4,-119.771163,36.757059,4,5.64332648,"10-01, 3200 block of East Clay Avenue, Fresno, California, Number killed: 0, Number injured: 4"
44,9/29/2016,29-Sep,California,San Francisco,Jones and Ellis Streets,Number killed:,1,Number killed: 1,Number injured:,3,Number injured: 3,-122.41278,37.784866,4,5.64332648,"09-29, Jones and Ellis Streets, San Francisco, California, Number killed: 1, Number injured: 3"
45,9/26/2016,26-Sep,Texas,Humble,21219 Grand Linden Court,Number killed:,0,Number killed: 0,Number injured:,4,Number injured: 4,-95.31214,30.021614,4,5.64332648,"09-26, 21219 Grand Linden Court, Humble, Texas, Number killed: 0, Number injured: 4"
47,9/26/2016,26-Sep,North Carolina,Winston Salem (Winston-salem),100 block of 5 Royales Drive,Number killed:,0,Number killed: 0,Number injured:,4,Number injured: 4,-80.24508,36.11464,4,5.64332648,"09-26, 100 block of 5 Royales Drive, Winston Salem (Winston-salem), North Carolina, Number killed: 0, Number injured: 4"
48,9/25/2016,25-Sep,Illinois,Champaign,300 block of E. Green Street,Number killed:,1,Number killed: 1,Number injured:,3,Number injured: 3,-88.235418,40.110555,4,5.64332648,"09-25, 300 block of E. Green Street, Champaign, Illinois, Number killed: 1, Number injured: 3"
51,9/18/2016,18-Sep,Pennsylvania,Philadelphia,3001 Castor Avenue,Number killed:,0,Number killed: 0,Number injured:,4,Number injured: 4,-75.086031,39.985778,4,5.64332648,"09-18, 3001 Castor Avenue, Philadelphia, Pennsylvania, Number killed: 0, Number injured: 4"
52,9/18/2016,18-Sep,Virginia,Lynchburg,421 Rivermont Ave,Number killed:,1,Number killed: 1,Number injured:,3,Number injured: 3,-79.14958,37.4218,4,5.64332648,"09-18, 421 Rivermont Ave, Lynchburg, Virginia, Number killed: 1, Number injured: 3"
53,9/18/2016,18-Sep,Pennsylvania,Pittsburgh,1700 block of Brighton Place,Number killed:,0,Number killed: 0,Number injured:,4,Number injured: 4,-80.0174,40.45865,4,5.64332648,"09-18, 1700 block of Brighton Place, Pittsburgh, Pennsylvania, Number killed: 0, Number injured: 4"
55,9/17/2016,17-Sep,Indiana,Indianapolis,2016 West 76th Street,Number killed:,2,Number killed: 2,Number injured:,2,Number injured: 2,-86.197044,39.890858,4,5.64332648,"09-17, 2016 West 76th Street, Indianapolis, Indiana, Number killed: 2, Number injured: 2"
58,9/16/2016,16-Sep,California,Los Angeles (Hollywood),555 N Heliotrope Drive,Number killed:,2,Number killed: 2,Number injured:,2,Number injured: 2,-118.29531,34.080402,4,5.64332648,"09-16, 555 N Heliotrope Drive, Los Angeles (Hollywood), California, Number killed: 2, Number injured: 2"
60,9/14/2016,14-Sep,Texas,Houston,16000 block of Saybrook,Number killed:,1,Number killed: 1,Number injured:,3,Number injured: 3,-95.302262,29.958801,4,5.64332648,"09-14, 16000 block of Saybrook, Houston, Texas, Number killed: 1, Number injured: 3"
64,9/11/2016,11-Sep,Indiana,Fort Wayne,3006 Holton Avenue,Number killed:,3,Number killed: 3,Number injured:,1,Number injured: 1,-85.11856,41.05749,4,5.64332648,"09-11, 3006 Holton Avenue, Fort Wayne, Indiana, Number killed: 3, Number injured: 1"
67,9/11/2016,11-Sep,New Jersey,Jersey City,87 Van Wagenen Ave,Number killed:,1,Number killed: 1,Number injured:,3,Number injured: 3,-74.06996,40.73313,4,5.64332648,"09-11, 87 Van Wagenen Ave, Jersey City, New Jersey, Number killed: 1, Number injured: 3"
68,9/10/2016,10-Sep,Florida,Miami,3451 Northwest 36 Street,Number killed:,1,Number killed: 1,Number injured:,3,Number injured: 3,-80.25194,25.808739,4,5.64332648,"09-10, 3451 Northwest 36 Street, Miami, Florida, Number killed: 1, Number injured: 3"
69,9/8/2016,8-Sep,Texas,Austin,8330 Linden Road,Number killed:,4,Number killed: 4,Number injured:,0,Number injured: 0,-97.705828,30.263394,4,5.64332648,"09-08, 8330 Linden Road, Austin, Texas, Number killed: 4, Number injured: 0"
71,9/5/2016,5-Sep,Pennsylvania,Reading,600 block of Moss Street,Number killed:,0,Number killed: 0,Number injured:,4,Number injured: 4,-75.91886,40.344395,4,5.64332648,"09-05, 600 block of Moss Street, Reading, Pennsylvania, Number killed: 0, Number injured: 4"
74,9/3/2016,3-Sep,Illinois,Chicago,100 block of North Seeley Avenue,Number killed:,0,Number killed: 0,Number injured:,4,Number injured: 4,-87.63335,41.911182,4,5.64332648,"09-03, 100 block of North Seeley Avenue, Chicago, Illinois, Number killed: 0, Number injured: 4"
75,9/3/2016,3-Sep,North Carolina,Wilmington,600 North 30th Street,Number killed:,1,Number killed: 1,Number injured:,3,Number injured: 3,-77.907317,34.246375,4,5.64332648,"09-03, 600 North 30th Street, Wilmington, North Carolina, Number killed: 1, Number injured: 3"
76,8/30/2016,30-Aug,Georgia,Atlanta,400 Merritts Avenue NE,Number killed:,0,Number killed: 0,Number injured:,4,Number injured: 4,-84.37371,33.768726,4,5.64332648,"08-30, 400 Merritts Avenue NE, Atlanta, Georgia, Number killed: 0, Number injured: 4"
77,8/30/2016,30-Aug,Illinois,Chicago (Englewood),6800 South Ashland,Number killed:,0,Number killed: 0,Number injured:,4,Number injured: 4,-87.663932,41.770217,4,5.64332648,"08-30, 6800 South Ashland, Chicago (Englewood), Illinois, Number killed: 0, Number injured: 4"
81,8/28/2016,28-Aug,Missouri,Saint Louis,South Grand and Montana,Number killed:,2,Number killed: 2,Number injured:,2,Number injured: 2,-90.24165,38.583602,4,5.64332648,"08-28, South Grand and Montana, Saint Louis, Missouri, Number killed: 2, Number injured: 2"
82,8/28/2016,28-Aug,New York,Bronx,514 E 156th St,Number killed:,0,Number killed: 0,Number injured:,4,Number injured: 4,-73.91133,40.81948,4,5.64332648,"08-28, 514 E 156th St, Bronx, New York, Number killed: 0, Number injured: 4"
88,8/21/2016,21-Aug,Massachusetts,Boston,Westview and Stratton Street,Number killed:,0,Number killed: 0,Number injured:,4,Number injured: 4,-71.088724,42.291248,4,5.64332648,"08-21, Westview and Stratton Street, Boston, Massachusetts, Number killed: 0, Number injured: 4"
90,8/20/2016,20-Aug,Connecticut,Hamden,903 Dixwell Avenue,Number killed:,0,Number killed: 0,Number injured:,4,Number injured: 4,-72.93515,41.337852,4,5.64332648,"08-20, 903 Dixwell Avenue, Hamden, Connecticut, Number killed: 0, Number injured: 4"
92,8/18/2016,18-Aug,Connecticut,Waterbury,402 E Main Street,Number killed:,0,Number killed: 0,Number injured:,4,Number injured: 4,-73.033714,41.55441,4,5.64332648,"08-18, 402 E Main Street, Waterbury, Connecticut, Number killed: 0, Number injured: 4"
93,8/17/2016,17-Aug,California,Oakland,Mandela Parkway,Number killed:,0,Number killed: 0,Number injured:,4,Number injured: 4,-122.290043,37.815429,4,5.64332648,"08-17, Mandela Parkway, Oakland, California, Number killed: 0, Number injured: 4"
95,8/14/2016,14-Aug,Virginia,Norfolk,1600 block of Selden Avenue,Number killed:,0,Number killed: 0,Number injured:,4,Number injured: 4,-76.26791,36.82745,4,5.64332648,"08-14, 1600 block of Selden Avenue, Norfolk, Virginia, Number killed: 0, Number injured: 4"
96,8/13/2016,13-Aug,Wisconsin,Milwaukee,4001 West Fond Du Lac Avenue,Number killed:,2,Number killed: 2,Number injured:,2,Number injured: 2,-87.96329,43.07969,4,5.64332648,"08-13, 4001 West Fond Du Lac Avenue, Milwaukee, Wisconsin, Number killed: 2, Number injured: 2"
97,8/13/2016,13-Aug,California,Los Angeles,6300 block of 11th Avenue,Number killed:,0,Number killed: 0,Number injured:,4,Number injured: 4,-118.32935,33.98275,4,5.64332648,"08-13, 6300 block of 11th Avenue, Los Angeles, California, Number killed: 0, Number injured: 4"
98,8/13/2016,13-Aug,New York,Corona (Queens),105-06 Jamaica Avenue,Number killed:,0,Number killed: 0,Number injured:,4,Number injured: 4,-73.841689,40.69522,4,5.64332648,"08-13, 105-06 Jamaica Avenue, Corona (Queens), New York, Number killed: 0, Number injured: 4"
99,8/13/2016,13-Aug,Missouri,Joplin,1800 Connecticut Ave,Number killed:,0,Number killed: 0,Number injured:,4,Number injured: 4,-94.494316,37.07115,4,5.64332648,"08-13, 1800 Connecticut Ave, Joplin, Missouri, Number killed: 0, Number injured: 4"
100,8/12/2016,12-Aug,Florida,Jacksonville,100 block of West 38th Street,Number killed:,1,Number killed: 1,Number injured:,3,Number injured: 3,-81.654912,30.36824,4,5.64332648,"08-12, 100 block of West 38th Street, Jacksonville, Florida, Number killed: 1, Number injured: 3"
101,8/12/2016,12-Aug,Texas,Dallas,10921 Estate Lane,Number killed:,1,Number killed: 1,Number injured:,3,Number injured: 3,-96.696943,32.882727,4,5.64332648,"08-12, 10921 Estate Lane, Dallas, Texas, Number killed: 1, Number injured: 3"
102,8/11/2016,11-Aug,Pennsylvania,Philadelphia,500 block of East Ashmead Street,Number killed:,0,Number killed: 0,Number injured:,4,Number injured: 4,-75.160706,40.037376,4,5.64332648,"08-11, 500 block of East Ashmead Street, Philadelphia, Pennsylvania, Number killed: 0, Number injured: 4"
103,8/10/2016,10-Aug,Illinois,Evanston,Foster Street and Jackson Avenue,Number killed:,0,Number killed: 0,Number injured:,4,Number injured: 4,-87.692856,42.053932,4,5.64332648,"08-10, Foster Street and Jackson Avenue, Evanston, Illinois, Number killed: 0, Number injured: 4"
104,8/10/2016,10-Aug,California,Sacramento,4000 Green Tree Drive,Number killed:,1,Number killed: 1,Number injured:,3,Number injured: 3,-121.460144,38.49807,4,5.64332648,"08-10, 4000 Green Tree Drive, Sacramento, California, Number killed: 1, Number injured: 3"
105,8/8/2016,8-Aug,New Mexico,Albuquerque,341 General Marshall Street NE,Number killed:,2,Number killed: 2,Number injured:,2,Number injured: 2,-106.54935,35.07898,4,5.64332648,"08-08, 341 General Marshall Street NE, Albuquerque, New Mexico, Number killed: 2, Number injured: 2"
107,8/7/2016,7-Aug,California,Los Angeles,5925 South Figueroa Street,Number killed:,1,Number killed: 1,Number injured:,3,Number injured: 3,-118.28267,33.986664,4,5.64332648,"08-07, 5925 South Figueroa Street, Los Angeles, California, Number killed: 1, Number injured: 3"
108,8/7/2016,7-Aug,Colorado,Arvada,5400 block of Sheridan Boulevard,Number killed:,2,Number killed: 2,Number injured:,2,Number injured: 2,-105.053185,39.795128,4,5.64332648,"08-07, 5400 block of Sheridan Boulevard, Arvada, Colorado, Number killed: 2, Number injured: 2"
109,8/7/2016,7-Aug,Mississippi,Vicksburg,4460 Clay St,Number killed:,1,Number killed: 1,Number injured:,3,Number injured: 3,-90.8394,32.34342,4,5.64332648,"08-07, 4460 Clay St, Vicksburg, Mississippi, Number killed: 1, Number injured: 3"
110,8/7/2016,7-Aug,Illinois,Chicago,100 block of South Springfield,Number killed:,0,Number killed: 0,Number injured:,4,Number injured: 4,-87.723206,41.879757,4,5.64332648,"08-07, 100 block of South Springfield, Chicago, Illinois, Number killed: 0, Number injured: 4"
112,8/5/2016,5-Aug,Michigan,Pontiac,70 block of Thorpe Street,Number killed:,1,Number killed: 1,Number injured:,3,Number injured: 3,-83.31156,42.637558,4,5.64332648,"08-05, 70 block of Thorpe Street, Pontiac, Michigan, Number killed: 1, Number injured: 3"
113,8/5/2016,5-Aug,California,Mead Valley,21600 block of Rider Street,Number killed:,2,Number killed: 2,Number injured:,2,Number injured: 2,-117.285447,33.830156,4,5.64332648,"08-05, 21600 block of Rider Street, Mead Valley, California, Number killed: 2, Number injured: 2"
114,8/4/2016,4-Aug,Tennessee,Memphis,Ayers Street and Griffith Avenue,Number killed:,0,Number killed: 0,Number injured:,4,Number injured: 4,-90.02767,35.16144,4,5.64332648,"08-04, Ayers Street and Griffith Avenue, Memphis, Tennessee, Number killed: 0, Number injured: 4"
115,8/3/2016,3-Aug,Georgia,Decatur,4110 Glenwood Road,Number killed:,1,Number killed: 1,Number injured:,3,Number injured: 3,-84.24987,33.737896,4,5.64332648,"08-03, 4110 Glenwood Road, Decatur, Georgia, Number killed: 1, Number injured: 3"
116,8/2/2016,2-Aug,Florida,Hollywood (West Park),5700 block of West Hallandale Beach Boulevard,Number killed:,0,Number killed: 0,Number injured:,4,Number injured: 4,-80.20022,25.984556,4,5.64332648,"08-02, 5700 block of West Hallandale Beach Boulevard, Hollywood (West Park), Florida, Number killed: 0, Number injured: 4"
117,8/1/2016,1-Aug,Indiana,Evansville,South Bedford Avenue,Number killed:,0,Number killed: 0,Number injured:,4,Number injured: 4,-87.549755,37.964676,4,5.64332648,"08-01, South Bedford Avenue, Evansville, Indiana, Number killed: 0, Number injured: 4"
118,7/31/2016,31-Jul,Florida,Miami,Southwest 203rd Terrace and 115th Avenue,Number killed:,3,Number killed: 3,Number injured:,1,Number injured: 1,-80.378914,25.57761,4,5.64332648,"07-31, Southwest 203rd Terrace and 115th Avenue, Miami, Florida, Number killed: 3, Number injured: 1"
122,7/30/2016,30-Jul,Washington,Mukilteo,10009 Chennault Beach,Number killed:,3,Number killed: 3,Number injured:,1,Number injured: 1,-122.304382,47.898214,4,5.64332648,"07-30, 10009 Chennault Beach, Mukilteo, Washington, Number killed: 3, Number injured: 1"
125,7/28/2016,28-Jul,Maryland,Baltimore,Greenmount Avenue,Number killed:,0,Number killed: 0,Number injured:,4,Number injured: 4,-76.609432,39.319077,4,5.64332648,"07-28, Greenmount Avenue, Baltimore, Maryland, Number killed: 0, Number injured: 4"
126,7/28/2016,28-Jul,Illinois,Chicago,800 block of West 50th Place,Number killed:,2,Number killed: 2,Number injured:,2,Number injured: 2,-87.64542,41.8025,4,5.64332648,"07-28, 800 block of West 50th Place, Chicago, Illinois, Number killed: 2, Number injured: 2"
129,7/23/2016,23-Jul,South Carolina,North Charleston,3630 Ashley Phosphate Road,Number killed:,0,Number killed: 0,Number injured:,4,Number injured: 4,-80.079834,32.926666,4,5.64332648,"07-23, 3630 Ashley Phosphate Road, North Charleston, South Carolina, Number killed: 0, Number injured: 4"
130,7/23/2016,23-Jul,Ohio,Cincinnati,3400 block of Beekman Street,Number killed:,2,Number killed: 2,Number injured:,2,Number injured: 2,-84.55122,39.1491,4,5.64332648,"07-23, 3400 block of Beekman Street, Cincinnati, Ohio, Number killed: 2, Number injured: 2"
131,7/23/2016,23-Jul,New York,Brooklyn,Fountain Avenue,Number killed:,0,Number killed: 0,Number injured:,4,Number injured: 4,-73.870589,40.665232,4,5.64332648,"07-23, Fountain Avenue, Brooklyn, New York, Number killed: 0, Number injured: 4"
135,7/20/2016,20-Jul,California,Fresno,Hedges at Peach and Olive,Number killed:,0,Number killed: 0,Number injured:,4,Number injured: 4,-119.772598,36.747497,4,5.64332648,"07-20, Hedges at Peach and Olive, Fresno, California, Number killed: 0, Number injured: 4"
136,7/19/2016,19-Jul,Arkansas,West Memphis,13th Street and Tyler Avenue,Number killed:,0,Number killed: 0,Number injured:,4,Number injured: 4,-90.168785,35.14331,4,5.64332648,"07-19, 13th Street and Tyler Avenue, West Memphis, Arkansas, Number killed: 0, Number injured: 4"
137,7/17/2016,17-Jul,Texas,Houston,6610 Tidwell,Number killed:,1,Number killed: 1,Number injured:,3,Number injured: 3,-95.30323,29.848463,4,5.64332648,"07-17, 6610 Tidwell, Houston, Texas, Number killed: 1, Number injured: 3"
139,7/17/2016,17-Jul,Michigan,Detroit,Grand River and McGraw avenue,Number killed:,0,Number killed: 0,Number injured:,4,Number injured: 4,-83.10093,42.35337,4,5.64332648,"07-17, Grand River and McGraw avenue, Detroit, Michigan, Number killed: 0, Number injured: 4"
142,7/16/2016,16-Jul,California,San Bernardino,1200 block of West 25th Street,Number killed:,0,Number killed: 0,Number injured:,4,Number injured: 4,-117.31049,34.13888,4,5.64332648,"07-16, 1200 block of West 25th Street, San Bernardino, California, Number killed: 0, Number injured: 4"
145,7/15/2016,15-Jul,Washington,Woodland,4006 NW 417th Street,Number killed:,3,Number killed: 3,Number injured:,1,Number injured: 1,-122.70851,45.923122,4,5.64332648,"07-15, 4006 NW 417th Street, Woodland, Washington, Number killed: 3, Number injured: 1"
146,7/14/2016,14-Jul,Texas,Crosby,400 block of Pecan Avenue,Number killed:,3,Number killed: 3,Number injured:,1,Number injured: 1,-95.06632,29.872377,4,5.64332648,"07-14, 400 block of Pecan Avenue, Crosby, Texas, Number killed: 3, Number injured: 1"
147,7/14/2016,14-Jul,California,Oakland,1600 block of 7th Street,Number killed:,0,Number killed: 0,Number injured:,4,Number injured: 4,-122.29834,37.80612,4,5.64332648,"07-14, 1600 block of 7th Street, Oakland, California, Number killed: 0, Number injured: 4"
148,7/14/2016,14-Jul,Ohio,Akron,900 block of Moeller Avenue,Number killed:,1,Number killed: 1,Number injured:,3,Number injured: 3,-81.54496,41.069084,4,5.64332648,"07-14, 900 block of Moeller Avenue, Akron, Ohio, Number killed: 1, Number injured: 3"
150,7/13/2016,13-Jul,Missouri,Saint Louis,3000 block of Miami St,Number killed:,2,Number killed: 2,Number injured:,2,Number injured: 2,-90.234276,38.5907,4,5.64332648,"07-13, 3000 block of Miami St, Saint Louis, Missouri, Number killed: 2, Number injured: 2"
152,7/11/2016,11-Jul,Michigan,Jackson,500 block of Summit Avenue,Number killed:,0,Number killed: 0,Number injured:,4,Number injured: 4,-84.38803,42.246525,4,5.64332648,"07-11, 500 block of Summit Avenue, Jackson, Michigan, Number killed: 0, Number injured: 4"
154,7/11/2016,11-Jul,District of Columbia,Washington,"5100 block of Call Pl., SE",Number killed:,0,Number killed: 0,Number injured:,4,Number injured: 4,-76.92837,38.884315,4,5.64332648,"07-11, 5100 block of Call Pl., SE, Washington, District of Columbia, Number killed: 0, Number injured: 4"
157,7/7/2016,7-Jul,Louisiana,Baton Rouge,2136 North Lobdell Avenue,Number killed:,0,Number killed: 0,Number injured:,4,Number injured: 4,-91.11887,30.466135,4,5.64332648,"07-07, 2136 North Lobdell Avenue, Baton Rouge, Louisiana, Number killed: 0, Number injured: 4"
158,7/5/2016,5-Jul,California,Los Angeles,56th Street and Naomi Avenue,Number killed:,0,Number killed: 0,Number injured:,4,Number injured: 4,-118.25467,33.992065,4,5.64332648,"07-05, 56th Street and Naomi Avenue, Los Angeles, California, Number killed: 0, Number injured: 4"
159,7/4/2016,4-Jul,Pennsylvania,Pittsburgh,Seventh and Liberty avenues,Number killed:,0,Number killed: 0,Number injured:,4,Number injured: 4,-79.99733,40.443318,4,5.64332648,"07-04, Seventh and Liberty avenues, Pittsburgh, Pennsylvania, Number killed: 0, Number injured: 4"
160,7/4/2016,4-Jul,Illinois,Chicago (Englewood),5500 block of South Hermitage Avenue,Number killed:,0,Number killed: 0,Number injured:,4,Number injured: 4,-87.668236,41.793575,4,5.64332648,"07-04, 5500 block of South Hermitage Avenue, Chicago (Englewood), Illinois, Number killed: 0, Number injured: 4"
162,7/4/2016,4-Jul,Ohio,Cleveland,1400 block of W. 107 Street,Number killed:,0,Number killed: 0,Number injured:,4,Number injured: 4,-81.761566,41.481586,4,5.64332648,"07-04, 1400 block of W. 107 Street, Cleveland, Ohio, Number killed: 0, Number injured: 4"
166,7/3/2016,3-Jul,Tennessee,Chattanooga,2300 block of Daisy Street,Number killed:,0,Number killed: 0,Number injured:,4,Number injured: 4,-85.251854,35.06596,4,5.64332648,"07-03, 2300 block of Daisy Street, Chattanooga, Tennessee, Number killed: 0, Number injured: 4"
169,6/28/2016,28-Jun,California,Los Angeles (county),13800 block of South Avalon Boulevard,Number killed:,1,Number killed: 1,Number injured:,3,Number injured: 3,-118.26528,33.90636,4,5.64332648,"06-28, 13800 block of South Avalon Boulevard, Los Angeles (county), California, Number killed: 1, Number injured: 3"
170,6/28/2016,28-Jun,Illinois,Chicago,1600 block of South Christiana,Number killed:,0,Number killed: 0,Number injured:,4,Number injured: 4,-87.709114,41.85896,4,5.64332648,"06-28, 1600 block of South Christiana, Chicago, Illinois, Number killed: 0, Number injured: 4"
171,6/27/2016,27-Jun,Oregon,Woodburn,13436 Killiam Loop NE,Number killed:,3,Number killed: 3,Number injured:,1,Number injured: 1,-122.7846,45.1455,4,5.64332648,"06-27, 13436 Killiam Loop NE, Woodburn, Oregon, Number killed: 3, Number injured: 1"
173,6/26/2016,26-Jun,Texas,Houston,6000 block of Elm Street,Number killed:,1,Number killed: 1,Number injured:,3,Number injured: 3,-95.48787,29.712769,4,5.64332648,"06-26, 6000 block of Elm Street, Houston, Texas, Number killed: 1, Number injured: 3"
174,6/26/2016,26-Jun,Texas,Corpus Christi,Baldwin Blvd  and Lamar,Number killed:,0,Number killed: 0,Number injured:,4,Number injured: 4,-97.421364,27.774117,4,5.64332648,"06-26, Baldwin Blvd  and Lamar, Corpus Christi, Texas, Number killed: 0, Number injured: 4"
175,6/26/2016,26-Jun,South Carolina,Marlboro (county),Highway 38,Number killed:,0,Number killed: 0,Number injured:,4,Number injured: 4,-79.671384,34.584993,4,5.64332648,"06-26, Highway 38, Marlboro (county), South Carolina, Number killed: 0, Number injured: 4"
178,6/25/2016,25-Jun,Virginia,Norfolk,700 block of Craig Street,Number killed:,0,Number killed: 0,Number injured:,4,Number injured: 4,-76.2787,36.82816,4,5.64332648,"06-25, 700 block of Craig Street, Norfolk, Virginia, Number killed: 0, Number injured: 4"
179,6/25/2016,25-Jun,Illinois,Chicago,1400 block of W. 114th Place,Number killed:,0,Number killed: 0,Number injured:,4,Number injured: 4,-87.656906,41.6858,4,5.64332648,"06-25, 1400 block of W. 114th Place, Chicago, Illinois, Number killed: 0, Number injured: 4"
180,6/24/2016,24-Jun,Kansas,Kansas City,N. 3rd and Walker,Number killed:,0,Number killed: 0,Number injured:,4,Number injured: 4,-94.6138,39.123302,4,5.64332648,"06-24, N. 3rd and Walker, Kansas City, Kansas, Number killed: 0, Number injured: 4"
183,6/22/2016,22-Jun,Washington,Olympia,500 block of Dutterow Road SE,Number killed:,3,Number killed: 3,Number injured:,1,Number injured: 1,-122.905544,47.036972,4,5.64332648,"06-22, 500 block of Dutterow Road SE, Olympia, Washington, Number killed: 3, Number injured: 1"
185,6/22/2016,22-Jun,Illinois,Chicago,3100 block of West Warren,Number killed:,0,Number killed: 0,Number injured:,4,Number injured: 4,-87.70388,41.88192,4,5.64332648,"06-22, 3100 block of West Warren, Chicago, Illinois, Number killed: 0, Number injured: 4"
186,6/21/2016,21-Jun,New Jersey,Willingboro,Mosshill Lane,Number killed:,0,Number killed: 0,Number injured:,4,Number injured: 4,-74.89241,40.031254,4,5.64332648,"06-21, Mosshill Lane, Willingboro, New Jersey, Number killed: 0, Number injured: 4"
187,6/21/2016,21-Jun,Kentucky,Louisville,2802 Rodman Street,Number killed:,2,Number killed: 2,Number injured:,2,Number injured: 2,-85.77,38.20874,4,5.64332648,"06-21, 2802 Rodman Street, Louisville, Kentucky, Number killed: 2, Number injured: 2"
188,6/19/2016,19-Jun,Virginia,Roanoke,2328 Melrose Avenue,Number killed:,0,Number killed: 0,Number injured:,4,Number injured: 4,-79.97393,37.28598,4,5.64332648,"06-19, 2328 Melrose Avenue, Roanoke, Virginia, Number killed: 0, Number injured: 4"
189,6/18/2016,18-Jun,Virginia,Exmore,Fredrick Douglas Road,Number killed:,1,Number killed: 1,Number injured:,3,Number injured: 3,-78.073165,39.142911,4,5.64332648,"06-18, Fredrick Douglas Road, Exmore, Virginia, Number killed: 1, Number injured: 3"
190,6/18/2016,18-Jun,Georgia,Waycross,2625 Arnold Ct,Number killed:,2,Number killed: 2,Number injured:,2,Number injured: 2,-82.375198,31.222811,4,5.64332648,"06-18, 2625 Arnold Ct, Waycross, Georgia, Number killed: 2, Number injured: 2"
191,6/18/2016,18-Jun,Illinois,Chicago,East 79th Street and South Escanaba Avenue,Number killed:,0,Number killed: 0,Number injured:,4,Number injured: 4,-87.55407,41.751896,4,5.64332648,"06-18, East 79th Street and South Escanaba Avenue, Chicago, Illinois, Number killed: 0, Number injured: 4"
192,6/14/2016,14-Jun,Delaware,Wilmington,South Van Buren and Elm streets,Number killed:,0,Number killed: 0,Number injured:,4,Number injured: 4,-75.56458,39.740784,4,5.64332648,"06-14, South Van Buren and Elm streets, Wilmington, Delaware, Number killed: 0, Number injured: 4"
193,6/14/2016,14-Jun,California,Oakland,1301 Franklin Street,Number killed:,1,Number killed: 1,Number injured:,3,Number injured: 3,-122.270386,37.803215,4,5.64332648,"06-14, 1301 Franklin Street, Oakland, California, Number killed: 1, Number injured: 3"
194,6/13/2016,13-Jun,California,Fresno,East El Monte Way and Recreation Avenue,Number killed:,0,Number killed: 0,Number injured:,4,Number injured: 4,-119.7387,36.73497,4,5.64332648,"06-13, East El Monte Way and Recreation Avenue, Fresno, California, Number killed: 0, Number injured: 4"
198,6/11/2016,11-Jun,Minnesota,Webster,4000 block of Elmore Avenue,Number killed:,0,Number killed: 0,Number injured:,4,Number injured: 4,-93.37281,44.528877,4,5.64332648,"06-11, 4000 block of Elmore Avenue, Webster, Minnesota, Number killed: 0, Number injured: 4"
199,6/11/2016,11-Jun,California,Stockton,Alvarado Avenue,Number killed:,1,Number killed: 1,Number injured:,3,Number injured: 3,-121.29122,37.987577,4,5.64332648,"06-11, Alvarado Avenue, Stockton, California, Number killed: 1, Number injured: 3"
202,6/11/2016,11-Jun,North Carolina,Charlotte,4000 Collegiate Avenue,Number killed:,1,Number killed: 1,Number injured:,3,Number injured: 3,-80.710493,35.324437,4,5.64332648,"06-11, 4000 Collegiate Avenue, Charlotte, North Carolina, Number killed: 1, Number injured: 3"
203,6/9/2016,9-Jun,Florida,Fort Walton Beach,Landview Drive,Number killed:,0,Number killed: 0,Number injured:,4,Number injured: 4,-86.648893,30.462258,4,5.64332648,"06-09, Landview Drive, Fort Walton Beach, Florida, Number killed: 0, Number injured: 4"
204,6/8/2016,8-Jun,Massachusetts,Boston,66 Washington St,Number killed:,1,Number killed: 1,Number injured:,3,Number injured: 3,-71.120029,42.246122,4,5.64332648,"06-08, 66 Washington St, Boston, Massachusetts, Number killed: 1, Number injured: 3"
205,6/8/2016,8-Jun,District of Columbia,Washington,North Capitol Street and New York Avenue NW,Number killed:,0,Number killed: 0,Number injured:,4,Number injured: 4,-77.012262,38.906473,4,5.64332648,"06-08, North Capitol Street and New York Avenue NW, Washington, District of Columbia, Number killed: 0, Number injured: 4"
206,6/6/2016,6-Jun,California,Visalia,3360 South Fairway Street,Number killed:,0,Number killed: 0,Number injured:,4,Number injured: 4,-119.310398,36.300699,4,5.64332648,"06-06, 3360 South Fairway Street, Visalia, California, Number killed: 0, Number injured: 4"
207,6/5/2016,5-Jun,Minnesota,Minneapolis,8th and Humboldt Avenue N.,Number killed:,0,Number killed: 0,Number injured:,4,Number injured: 4,-93.29818,44.97742,4,5.64332648,"06-05, 8th and Humboldt Avenue N., Minneapolis, Minnesota, Number killed: 0, Number injured: 4"
209,6/5/2016,5-Jun,New York,Brooklyn,Mermaid Ave and 16th St.,Number killed:,0,Number killed: 0,Number injured:,4,Number injured: 4,-73.98371,40.576744,4,5.64332648,"06-05, Mermaid Ave and 16th St., Brooklyn, New York, Number killed: 0, Number injured: 4"
211,6/4/2016,4-Jun,Colorado,Denver,3600 block of Hudson Street,Number killed:,3,Number killed: 3,Number injured:,1,Number injured: 1,-104.92345,39.767567,4,5.64332648,"06-04, 3600 block of Hudson Street, Denver, Colorado, Number killed: 3, Number injured: 1"
212,5/31/2016,31-May,Illinois,Chicago,3300 block of West Huron Street,Number killed:,0,Number killed: 0,Number injured:,4,Number injured: 4,-87.70899,41.893707,4,5.64332648,"05-31, 3300 block of West Huron Street, Chicago, Illinois, Number killed: 0, Number injured: 4"
213,5/31/2016,31-May,Indiana,Fort Wayne,6600 block of Pawawna Drive,Number killed:,0,Number killed: 0,Number injured:,4,Number injured: 4,-85.05705,41.10595,4,5.64332648,"05-31, 6600 block of Pawawna Drive, Fort Wayne, Indiana, Number killed: 0, Number injured: 4"
216,5/29/2016,29-May,Nevada,Las Vegas,200 block of North 3rd Street,Number killed:,0,Number killed: 0,Number injured:,4,Number injured: 4,-115.141785,36.171978,4,5.64332648,"05-29, 200 block of North 3rd Street, Las Vegas, Nevada, Number killed: 0, Number injured: 4"
219,5/29/2016,29-May,Indiana,Indianapolis,300 block of South Meridian Street,Number killed:,0,Number killed: 0,Number injured:,4,Number injured: 4,-86.158295,39.76201,4,5.64332648,"05-29, 300 block of South Meridian Street, Indianapolis, Indiana, Number killed: 0, Number injured: 4"
221,5/22/2016,22-May,Louisiana,New Orleans,8639 Apple St,Number killed:,0,Number killed: 0,Number injured:,4,Number injured: 4,-90.12362,29.96129,4,5.64332648,"05-22, 8639 Apple St, New Orleans, Louisiana, Number killed: 0, Number injured: 4"
222,5/22/2016,22-May,California,Stockton,Poplar and Sutter Streets,Number killed:,1,Number killed: 1,Number injured:,3,Number injured: 3,-121.28831,37.962484,4,5.64332648,"05-22, Poplar and Sutter Streets, Stockton, California, Number killed: 1, Number injured: 3"
223,5/22/2016,22-May,Tennessee,Nashville,100 block of Rains Avenue,Number killed:,0,Number killed: 0,Number injured:,4,Number injured: 4,-86.76373,36.140434,4,5.64332648,"05-22, 100 block of Rains Avenue, Nashville, Tennessee, Number killed: 0, Number injured: 4"
224,5/21/2016,21-May,Georgia,Jackson,Levi Barnes Road,Number killed:,1,Number killed: 1,Number injured:,3,Number injured: 3,-84.027362,33.259959,4,5.64332648,"05-21, Levi Barnes Road, Jackson, Georgia, Number killed: 1, Number injured: 3"
225,5/18/2016,18-May,Indiana,Indianapolis,34th Street and North Keystone Avenue,Number killed:,0,Number killed: 0,Number injured:,4,Number injured: 4,-86.121607,39.818313,4,5.64332648,"05-18, 34th Street and North Keystone Avenue, Indianapolis, Indiana, Number killed: 0, Number injured: 4"
226,5/17/2016,17-May,South Carolina,Ravenel,5360 Savannah Highway,Number killed:,3,Number killed: 3,Number injured:,1,Number injured: 1,-80.20412,32.783024,4,5.64332648,"05-17, 5360 Savannah Highway, Ravenel, South Carolina, Number killed: 3, Number injured: 1"
228,5/15/2016,15-May,Indiana,Evansville,420 North Garvin Street,Number killed:,0,Number killed: 0,Number injured:,4,Number injured: 4,-87.55666,37.981205,4,5.64332648,"05-15, 420 North Garvin Street, Evansville, Indiana, Number killed: 0, Number injured: 4"
230,5/14/2016,14-May,West Virginia,Charleston,2300 block of Washington Street West,Number killed:,1,Number killed: 1,Number injured:,3,Number injured: 3,-81.67401,38.37664,4,5.64332648,"05-14, 2300 block of Washington Street West, Charleston, West Virginia, Number killed: 1, Number injured: 3"
233,5/8/2016,8-May,Texas,Austin,8600 block of North Lamar,Number killed:,1,Number killed: 1,Number injured:,3,Number injured: 3,-97.70415,30.354473,4,5.64332648,"05-08, 8600 block of North Lamar, Austin, Texas, Number killed: 1, Number injured: 3"
235,5/6/2016,6-May,Alabama,Montgomery,1300 block of Clay Street,Number killed:,1,Number killed: 1,Number injured:,3,Number injured: 3,-86.33337,32.375713,4,5.64332648,"05-06, 1300 block of Clay Street, Montgomery, Alabama, Number killed: 1, Number injured: 3"
238,5/5/2016,5-May,Florida,Miami,2108 NW 19th Terrace,Number killed:,1,Number killed: 1,Number injured:,3,Number injured: 3,-80.230515,25.793676,4,5.64332648,"05-05, 2108 NW 19th Terrace, Miami, Florida, Number killed: 1, Number injured: 3"
241,4/29/2016,29-Apr,Missouri,Saint Louis (Ferguson),400 Dade Ave,Number killed:,0,Number killed: 0,Number injured:,4,Number injured: 4,-90.3156,38.736508,4,5.64332648,"04-29, 400 Dade Ave, Saint Louis (Ferguson), Missouri, Number killed: 0, Number injured: 4"
243,4/27/2016,27-Apr,Louisiana,Baton Rouge,4000 Kerrit Drive,Number killed:,2,Number killed: 2,Number injured:,2,Number injured: 2,-91.087176,30.490566,4,5.64332648,"04-27, 4000 Kerrit Drive, Baton Rouge, Louisiana, Number killed: 2, Number injured: 2"
244,4/27/2016,27-Apr,Mississippi,Kilmichael,Pecan Drive,Number killed:,3,Number killed: 3,Number injured:,1,Number injured: 1,-89.572736,33.435156,4,5.64332648,"04-27, Pecan Drive, Kilmichael, Mississippi, Number killed: 3, Number injured: 1"
246,4/25/2016,25-Apr,Tennessee,Nashville,400 Charlotte Avenue,Number killed:,0,Number killed: 0,Number injured:,4,Number injured: 4,-86.7808,36.166325,4,5.64332648,"04-25, 400 Charlotte Avenue, Nashville, Tennessee, Number killed: 0, Number injured: 4"
250,4/24/2016,24-Apr,Colorado,Denver,1400 14th Street,Number killed:,0,Number killed: 0,Number injured:,4,Number injured: 4,-105.0006,39.748249,4,5.64332648,"04-24, 1400 14th Street, Denver, Colorado, Number killed: 0, Number injured: 4"
251,4/23/2016,23-Apr,Nevada,Las Vegas,1650 South Hollywood Boulevard,Number killed:,1,Number killed: 1,Number injured:,3,Number injured: 3,-115.02593,36.154785,4,5.64332648,"04-23, 1650 South Hollywood Boulevard, Las Vegas, Nevada, Number killed: 1, Number injured: 3"
252,4/23/2016,23-Apr,Alabama,Auburn,1200 block of Lee Road 83,Number killed:,3,Number killed: 3,Number injured:,1,Number injured: 1,-85.558454,32.571201,4,5.64332648,"04-23, 1200 block of Lee Road 83, Auburn, Alabama, Number killed: 3, Number injured: 1"
254,4/23/2016,23-Apr,New York,New York (Manhattan),West 141st Street and Edgecombe Avenue,Number killed:,0,Number killed: 0,Number injured:,4,Number injured: 4,-73.944305,40.820846,4,5.64332648,"04-23, West 141st Street and Edgecombe Avenue, New York (Manhattan), New York, Number killed: 0, Number injured: 4"
257,4/21/2016,21-Apr,Maryland,Baltimore,4800 Frankford Avenue,Number killed:,0,Number killed: 0,Number injured:,4,Number injured: 4,-76.544286,39.332444,4,5.64332648,"04-21, 4800 Frankford Avenue, Baltimore, Maryland, Number killed: 0, Number injured: 4"
259,4/19/2016,19-Apr,Illinois,Chicago,2700 block of West 53rd Street,Number killed:,1,Number killed: 1,Number injured:,3,Number injured: 3,-87.69151,41.797386,4,5.64332648,"04-19, 2700 block of West 53rd Street, Chicago, Illinois, Number killed: 1, Number injured: 3"
261,4/18/2016,18-Apr,California,Long Beach,1200 block of E. 17th Street,Number killed:,1,Number killed: 1,Number injured:,3,Number injured: 3,-118.176125,33.788036,4,5.64332648,"04-18, 1200 block of E. 17th Street, Long Beach, California, Number killed: 1, Number injured: 3"
262,4/17/2016,17-Apr,Pennsylvania,Philadelphia,600 Westmoreland Street,Number killed:,3,Number killed: 3,Number injured:,1,Number injured: 1,-75.118761,39.998889,4,5.64332648,"04-17, 600 Westmoreland Street, Philadelphia, Pennsylvania, Number killed: 3, Number injured: 1"
263,4/17/2016,17-Apr,South Carolina,Pelzer,200 block of Eastview Road,Number killed:,1,Number killed: 1,Number injured:,3,Number injured: 3,-82.43722,34.647778,4,5.64332648,"04-17, 200 block of Eastview Road, Pelzer, South Carolina, Number killed: 1, Number injured: 3"
267,4/16/2016,16-Apr,Alabama,Enterprise,Baxter Street,Number killed:,0,Number killed: 0,Number injured:,4,Number injured: 4,-85.815275,31.30383,4,5.64332648,"04-16, Baxter Street, Enterprise, Alabama, Number killed: 0, Number injured: 4"
268,4/14/2016,14-Apr,New Jersey,Orange,Taylor Street,Number killed:,1,Number killed: 1,Number injured:,3,Number injured: 3,-74.228435,40.766251,4,5.64332648,"04-14, Taylor Street, Orange, New Jersey, Number killed: 1, Number injured: 3"
269,4/10/2016,10-Apr,Wisconsin,Milwaukee,76th and Sheridan,Number killed:,1,Number killed: 1,Number injured:,3,Number injured: 3,-88.00586,43.118255,4,5.64332648,"04-10, 76th and Sheridan, Milwaukee, Wisconsin, Number killed: 1, Number injured: 3"
270,4/10/2016,10-Apr,California,Los Angeles,84th Street and Towne Avenue,Number killed:,0,Number killed: 0,Number injured:,4,Number injured: 4,-118.26731,33.962845,4,5.64332648,"04-10, 84th Street and Towne Avenue, Los Angeles, California, Number killed: 0, Number injured: 4"
271,4/9/2016,9-Apr,Tennessee,Memphis,Mt Moriah Road and Ridgeway Road,Number killed:,0,Number killed: 0,Number injured:,4,Number injured: 4,-89.863072,35.072474,4,5.64332648,"04-09, Mt Moriah Road and Ridgeway Road, Memphis, Tennessee, Number killed: 0, Number injured: 4"
272,4/9/2016,9-Apr,Alabama,Anniston,West 15th Street and Crawford Avenue,Number killed:,0,Number killed: 0,Number injured:,4,Number injured: 4,-85.85011,33.663662,4,5.64332648,"04-09, West 15th Street and Crawford Avenue, Anniston, Alabama, Number killed: 0, Number injured: 4"
273,4/9/2016,9-Apr,New Mexico,Albuquerque,2600 block of Mesa Drive SE,Number killed:,0,Number killed: 0,Number injured:,4,Number injured: 4,-106.62706,35.055904,4,5.64332648,"04-09, 2600 block of Mesa Drive SE, Albuquerque, New Mexico, Number killed: 0, Number injured: 4"
274,4/7/2016,7-Apr,Illinois,Chicago,2200 block of East 70th Place,Number killed:,0,Number killed: 0,Number injured:,4,Number injured: 4,-87.5713,41.767117,4,5.64332648,"04-07, 2200 block of East 70th Place, Chicago, Illinois, Number killed: 0, Number injured: 4"
275,3/31/2016,31-Mar,Illinois,Chicago (Englewood),6800 block of South Throop,Number killed:,0,Number killed: 0,Number injured:,4,Number injured: 4,-87.65669,41.770332,4,5.64332648,"03-31, 6800 block of South Throop, Chicago (Englewood), Illinois, Number killed: 0, Number injured: 4"
276,3/25/2016,25-Mar,Illinois,Chicago,4500 block of West West End Avenue,Number killed:,0,Number killed: 0,Number injured:,4,Number injured: 4,-87.73806,41.88322,4,5.64332648,"03-25, 4500 block of West West End Avenue, Chicago, Illinois, Number killed: 0, Number injured: 4"
277,3/25/2016,25-Mar,Colorado,Denver,8501 E. Alameda Avenue,Number killed:,0,Number killed: 0,Number injured:,4,Number injured: 4,-104.892586,39.71129,4,5.64332648,"03-25, 8501 E. Alameda Avenue, Denver, Colorado, Number killed: 0, Number injured: 4"
278,3/21/2016,21-Mar,Illinois,Chicago,5700 block of West Washington Boulevard,Number killed:,0,Number killed: 0,Number injured:,4,Number injured: 4,-87.768175,41.882372,4,5.64332648,"03-21, 5700 block of West Washington Boulevard, Chicago, Illinois, Number killed: 0, Number injured: 4"
280,3/19/2016,19-Mar,Alabama,Wetumpka,South Shelby Street,Number killed:,2,Number killed: 2,Number injured:,2,Number injured: 2,-86.21393,32.538402,4,5.64332648,"03-19, South Shelby Street, Wetumpka, Alabama, Number killed: 2, Number injured: 2"
282,3/13/2016,13-Mar,Florida,Fort Myers,50 South Road,Number killed:,0,Number killed: 0,Number injured:,4,Number injured: 4,-81.867416,26.577112,4,5.64332648,"03-13, 50 South Road, Fort Myers, Florida, Number killed: 0, Number injured: 4"
283,3/12/2016,12-Mar,Oregon,Portland,16126 S.E. Stark St.,Number killed:,0,Number killed: 0,Number injured:,4,Number injured: 4,-122.497536,45.51915,4,5.64332648,"03-12, 16126 S.E. Stark St., Portland, Oregon, Number killed: 0, Number injured: 4"
284,3/12/2016,12-Mar,California,Oakland,Interstate 880,Number killed:,0,Number killed: 0,Number injured:,4,Number injured: 4,-122.237746,37.779398,4,5.64332648,"03-12, Interstate 880, Oakland, California, Number killed: 0, Number injured: 4"
285,3/11/2016,11-Mar,Michigan,Detroit,2600 block of Hazelwood,Number killed:,2,Number killed: 2,Number injured:,2,Number injured: 2,-83.107704,42.371414,4,5.64332648,"03-11, 2600 block of Hazelwood, Detroit, Michigan, Number killed: 2, Number injured: 2"
289,3/7/2016,7-Mar,Louisiana,Lafayette,800 block of Martin Luther King Jr. Drive,Number killed:,0,Number killed: 0,Number injured:,4,Number injured: 4,-92.02385,30.249466,4,5.64332648,"03-07, 800 block of Martin Luther King Jr. Drive, Lafayette, Louisiana, Number killed: 0, Number injured: 4"
292,3/6/2016,6-Mar,Georgia,Roswell,890 Atlanta St,Number killed:,0,Number killed: 0,Number injured:,4,Number injured: 4,-84.36157,34.0229,4,5.64332648,"03-06, 890 Atlanta St, Roswell, Georgia, Number killed: 0, Number injured: 4"
294,3/5/2016,5-Mar,Kansas,Wichita,116 North Mead,Number killed:,0,Number killed: 0,Number injured:,4,Number injured: 4,-97.32885,37.686478,4,5.64332648,"03-05, 116 North Mead, Wichita, Kansas, Number killed: 0, Number injured: 4"
295,3/4/2016,4-Mar,Ohio,Columbus,900 E. 5th Ave.,Number killed:,1,Number killed: 1,Number injured:,3,Number injured: 3,-82.980835,39.986122,4,5.64332648,"03-04, 900 E. 5th Ave., Columbus, Ohio, Number killed: 1, Number injured: 3"
297,2/28/2016,28-Feb,California,Riverside (Jurupa Valley),5500 block of Etiwanda Avenue,Number killed:,1,Number killed: 1,Number injured:,3,Number injured: 3,-117.523014,33.988377,4,5.64332648,"02-28, 5500 block of Etiwanda Avenue, Riverside (Jurupa Valley), California, Number killed: 1, Number injured: 3"
298,2/27/2016,27-Feb,Virginia,Woodbridge (Lake Ridge),13051 Lashmere Court,Number killed:,2,Number killed: 2,Number injured:,2,Number injured: 2,-77.35342,38.669823,4,5.64332648,"02-27, 13051 Lashmere Court, Woodbridge (Lake Ridge), Virginia, Number killed: 2, Number injured: 2"
302,2/23/2016,23-Feb,Florida,Daytona Beach,1042 Sheridan Road,Number killed:,0,Number killed: 0,Number injured:,4,Number injured: 4,-81.04487,29.208761,4,5.64332648,"02-23, 1042 Sheridan Road, Daytona Beach, Florida, Number killed: 0, Number injured: 4"
303,2/21/2016,21-Feb,Missouri,Hazelwood,Interstate Highway 270 and North Lindbergh Boulevard,Number killed:,1,Number killed: 1,Number injured:,3,Number injured: 3,-90.398536,38.738327,4,5.64332648,"02-21, Interstate Highway 270 and North Lindbergh Boulevard, Hazelwood, Missouri, Number killed: 1, Number injured: 3"
305,2/20/2016,20-Feb,Florida,Tampa,2810 E. Bearss Ave,Number killed:,1,Number killed: 1,Number injured:,3,Number injured: 3,-82.42832,28.080427,4,5.64332648,"02-20, 2810 E. Bearss Ave, Tampa, Florida, Number killed: 1, Number injured: 3"
306,2/20/2016,20-Feb,Alabama,Bessemer,200 block of Elm Street,Number killed:,1,Number killed: 1,Number injured:,3,Number injured: 3,-86.97568,33.373333,4,5.64332648,"02-20, 200 block of Elm Street, Bessemer, Alabama, Number killed: 1, Number injured: 3"
307,2/20/2016,20-Feb,Florida,Orlando,446 S Parramore Ave,Number killed:,0,Number killed: 0,Number injured:,4,Number injured: 4,-81.388985,28.537146,4,5.64332648,"02-20, 446 S Parramore Ave, Orlando, Florida, Number killed: 0, Number injured: 4"
310,2/19/2016,19-Feb,Missouri,Edgerton,4100 block of Buena Vista Road,Number killed:,4,Number killed: 4,Number injured:,0,Number injured: 0,-94.62415,39.492363,4,5.64332648,"02-19, 4100 block of Buena Vista Road, Edgerton, Missouri, Number killed: 4, Number injured: 0"
311,2/19/2016,19-Feb,California,Vallejo,509 Porter Street,Number killed:,1,Number killed: 1,Number injured:,3,Number injured: 3,-122.24537,38.08845,4,5.64332648,"02-19, 509 Porter Street, Vallejo, California, Number killed: 1, Number injured: 3"
312,2/14/2016,14-Feb,Texas,Houston,8449 Gulf Freeway,Number killed:,1,Number killed: 1,Number injured:,3,Number injured: 3,-95.26584,29.674137,4,5.64332648,"02-14, 8449 Gulf Freeway, Houston, Texas, Number killed: 1, Number injured: 3"
314,2/13/2016,13-Feb,Louisiana,Marrero,5425 Lapalco Boulevard,Number killed:,0,Number killed: 0,Number injured:,4,Number injured: 4,-90.108342,29.875207,4,5.64332648,"02-13, 5425 Lapalco Boulevard, Marrero, Louisiana, Number killed: 0, Number injured: 4"
318,2/7/2016,7-Feb,Illinois,Chicago (Englewood),6500 block of South Green Street,Number killed:,0,Number killed: 0,Number injured:,4,Number injured: 4,-87.646136,41.77612,4,5.64332648,"02-07, 6500 block of South Green Street, Chicago (Englewood), Illinois, Number killed: 0, Number injured: 4"
319,2/6/2016,6-Feb,California,Los Angeles,12800 block of Cook Street,Number killed:,1,Number killed: 1,Number injured:,3,Number injured: 3,-118.270676,33.916275,4,5.64332648,"02-06, 12800 block of Cook Street, Los Angeles, California, Number killed: 1, Number injured: 3"
320,2/6/2016,6-Feb,Florida,Apopka,10th Street,Number killed:,0,Number killed: 0,Number injured:,4,Number injured: 4,-81.514242,28.665966,4,5.64332648,"02-06, 10th Street, Apopka, Florida, Number killed: 0, Number injured: 4"
322,2/3/2016,3-Feb,District of Columbia,Washington,1500 block of Butler St. SE,Number killed:,0,Number killed: 0,Number injured:,4,Number injured: 4,-76.984375,38.861443,4,5.64332648,"02-03, 1500 block of Butler St. SE, Washington, District of Columbia, Number killed: 0, Number injured: 4"
323,1/30/2016,30-Jan,Colorado,Denver,4655 Humboldt St,Number killed:,1,Number killed: 1,Number injured:,3,Number injured: 3,-104.969986,39.781223,4,5.64332648,"01-30, 4655 Humboldt St, Denver, Colorado, Number killed: 1, Number injured: 3"
328,1/23/2016,23-Jan,California,Los Angeles,8105 Avalon Blvd,Number killed:,2,Number killed: 2,Number injured:,2,Number injured: 2,-118.265144,33.965473,4,5.64332648,"01-23, 8105 Avalon Blvd, Los Angeles, California, Number killed: 2, Number injured: 2"
329,1/17/2016,17-Jan,Virginia,Ware Neck (Gloucester Courthouse),Ditchley Road and Gill Lane,Number killed:,1,Number killed: 1,Number injured:,3,Number injured: 3,-76.437295,37.400312,4,5.64332648,"01-17, Ditchley Road and Gill Lane, Ware Neck (Gloucester Courthouse), Virginia, Number killed: 1, Number injured: 3"
331,1/8/2016,8-Jan,District of Columbia,Washington,1700 East Capitol Street Northeast,Number killed:,0,Number killed: 0,Number injured:,4,Number injured: 4,-76.98062,38.889805,4,5.64332648,"01-08, 1700 East Capitol Street Northeast, Washington, District of Columbia, Number killed: 0, Number injured: 4"
333,1/7/2016,7-Jan,Tennessee,Memphis,3800 Kerwood Avenue,Number killed:,1,Number killed: 1,Number injured:,3,Number injured: 3,-89.93617,35.233627,4,5.64332648,"01-07, 3800 Kerwood Avenue, Memphis, Tennessee, Number killed: 1, Number injured: 3"
334,1/6/2016,6-Jan,Florida,Lakeland,2312 East Magnolia Street,Number killed:,3,Number killed: 3,Number injured:,1,Number injured: 1,-81.913475,28.050304,4,5.64332648,"01-06, 2312 East Magnolia Street, Lakeland, Florida, Number killed: 3, Number injured: 1"
